65011,Abad Santos,Natalia
67163,Aballay,Alicia
49666,Aballay,Laura N.
52396,Abbate,Horacio Antonio
53120,Abdala,Juan
53838,Abdel Masih,Samira
49596,Abdelahad,Corina
52630,Abet,Jorge Eduardo
64806,Abraham,Laura
52637,Abrutsky,Maximiliano
66879,Abásolo Guerrero,María José
65538,Acevedo Zain,Gaspar
49215,Acevedo,Gerónimo
53715,Acevedo,Juan J.
65219,Aciar,Gabriela
52539,Aciar,Silvana
49573,Aciti,Claudio
56144,Acosta Burllaile,Luis Alberto
52787,Acosta Parra,Carlos Alberto
58991,Acosta,Cecilia
52684,Acosta,Cristian
53267,Acosta,Edgardo
58015,Acosta,Gerardo
52751,Acosta,Julio César
60355,Acosta,Karina Beatriz
59344,Acosta,Mariana Paola
55266,Acosta,Nelson
63572,Actis,Carolina Inés
52689,Acuña,César
65478,Addante,Pablo
54663,Adorno,Facundo Gabriel
65480,Adó,Mariana
67081,Agamennoni,Osvaldo Enrique
66748,Agudo de Córsico,María Celia
52579,Aguil Mallea,Daniel
58926,Aguilar,José
57013,Aguilar,Leandro
59787,Aguilera,Jonatan
53815,Aguilera,Sergio
53419,Aguirre,Guillermo
49608,Aguirre,Jesús Francisco
52477,Aguirre,Jorge
65396,Aguirre,Juan José
52643,Aguirre,Matías
52286,Aguirre,Miguel Ángel
66318,Aguirre,Nazareno Matías
65590,Aguirre,Pío A.
53245,Aguirre,Sofía
55075,Aguirre,Verónica
53989,Agüero,Andrea Leonor
51168,Agüero,Martín Jorge
65267,Agüero,Matías
64673,Agüero,Verónica
60905,Agüero,Walter Fabián
50830,Ahmad,Tamara
52784,Ahumada,Hernán César
57759,Aimaretto,Lucas
56947,Ainchil,María Virginia
49991,Aisen,Eduardo
49701,Aita,Ignacio
57824,Aizemberg,Ariel
49595,Alaniz,Marcelo
53266,Alarcón,Román
59570,Alba Torres,Enrique
49266,Albanesi,María Bernarda
56120,Albarracin,Silvia Alicia
52831,Albarracín,Jorge O.
54290,Albina,Leopoldo Carlos
65385,Albornoz,Enrique
52528,Albornoz,María Claudia
60470,Albuquerque,Pablo César de
59736,Alcalde Cuevas,C.
68077,Alconada Verzini,Federico Martín
65536,Alderete,Claudia
53713,Alderete,Romina Yolanda
56897,Ale,Juan María
59315,Ale,Mariel Alejandra
63542,Alende,Andrea Noemí
63467,Alessandri,Santiago
60698,Alfano,Ariadna
49677,Alferillo,Viviana
66317,Alfonso,Hugo
59161,Alfonso,Marcelo
53716,Alfonzo,Pedro L.
64689,Algorry,Aldo
58715,Aliciardi,Agustina
52266,Alimenti,Omar
53480,Allan,Claudia
49621,Allendes Olave,Paola A.
56945,Almazán,María Belén
53561,Almeira,Adriana
67408,Alonso de Armiño,Ana C.
65079,Alonso i Alemany,Laura
56999,Alonso,Laura Mabel
57021,Alonso,María Belén
60926,Alonso,Nancy
53915,Alonso,Nicolás
67607,Altoaguirre,Paula
64704,Altszyler,Edgar
64945,Altube,Alejandro
64807,Alturria,Laura
54199,Alvarado,Cecilia
53422,Alvarado,Yoselie
65557,Alvarenga,Víctor M.
52626,Alvares,Luis Otávio Campos
56775,Alvarez Gelves,Diego
58721,Alvarez Hamelin,José I.
65585,Alvarez,Marisa
50987,Alvarez,Matias José
55296,Alves,Maximiliano
53789,Alvez,Carlos E.
53610,Alzugaray,Gloria E.
55048,Amadeo,Ana Paola
55063,Amadeo,María Vanesa
58023,Amandi,Analía
53470,Amaolo,Marcelo Paulo
59091,Amarilla,Carlos
53487,Amaro,Silvia
51157,Amatriain,Hernán Guillermo
49217,Ambrosi,Viviana Miriam
66889,Amiconi,Diego Federico
52472,Amigone,Jorge
65208,Anabalon,Diego
65619,Anacleto,Valerio Adrián
56150,Anderson,Alfredo
56887,Andriano,Natalia Valeria
59373,Andrés,Gonzalo
52821,Angeleri,Paula
49554,Angeli,Sandra E.
52713,Angelone,Laura
64725,Anigstein,Mauricio
57018,Antiñanco,Matías Javier
66188,Antonelli,Rubén Leandro
49272,Antonietti,María Soledad
59329,Antonini,Sergio Andrés
60723,Antonio,Ramiro
58026,Antúnez,Matías
52593,Aparicio,María
49641,Apolloni,Javier
53412,Apolloni,Rubén
55073,Aquino,Germán Osvaldo
52594,Aragón,Fabiana
49585,Aragón,Victoria S.
49625,Arakaki,Liliana
53351,Aranciaga,Ignacio
53979,Arancio,Andrea
67399,Aranda,Gabriela N.
60923,Aranda,Juan
59448,Aranda,Marcos
53846,Aranguren,Silvia Mónica
55298,Araya,Jorge Matías
52829,Arboleya,Hernán
55764,Arce,Débora Magalí
65593,Arce,Iván
58293,Arce,Roberto Aníbal
64853,Arch,Daniel F.
63614,Archuby,Federico Héctor
55311,Arcidiácono,Marcelo
66267,Ardenghi,Jorge Raúl
55282,Arellano,Norma M.
64858,Arena,Alejandro Pablo
53114,Arena,Lucía E.
59604,Areta,Javier A.
55033,Argarañaz,Verónica
65488,Argañaras,Pablo E.
64840,Argañaraz,Jorgelina F.
64727,Argerich,Luis
63638,Argüello,Daniel Marcelo
59326,Argüello,Melisa
57730,Arias Figueroa,Daniel
53094,Arias,Daniel
49222,Arias,Esteban Gabriel
53473,Arias,Maximiliano
52324,Arias,Silvia Edith
65497,Arispe,Guillermo
65285,Ariste,Cecilia
53926,Ariño,Rodrigo
54535,Arlego,Marcelo José Fabián
58487,Arlenghi,L.
63548,Armendariz,Ignacio Enrique
55260,Armentano,Marcelo G.
67167,Arona,Graciela
57030,Arreseygor,Oriente Mario
53211,Arriazu,Alejandra
65151,Arroqui,M.
54181,Arroyo Arzubi,Alejandro
66319,Arroyo,Marcelo
65182,Arroyo,Sebastián I.
49598,Arroyuelo,Jorge
67445,Arruzazabala,Mariana Cecilia
49552,Arsaute,Ariel
56173,Artime,Andrea
49259,Artola,Verónica
56987,Arámburu,Fernando
56172,Arévalo,Gabriela Beatriz
48494,Aróztegui,Walter J.
67359,Ascheri,María Eva
64790,Aspis,Analía
61686,Assinnato,Gisela
49488,Asteasuain,Fernando
53239,Astudillo,Gustavo Javier
55331,Attilio,Gabriel
53967,Aubin,Verónica I.
67080,Augusto,Juan Carlos
52724,Auvieux,Nicolás
67117,Aveleyra,Ema Elena
59347,Avila,Luis
65281,Avogradini,Mariela
65021,Ayala,Cintia
59390,Ayala,Soledad
63507,Aybar Rosales,Vanessa del Carmen
68085,Ayr,Francisco Manuel
58083,Azar,Miguel Augusto
60912,Azar,Paola
52827,Azcurra,Diego
67569,Azrilevich,Paola Alejandra
49929,Baade,Nieves
53719,Bachmann,Noemí G.
53547,Bacino,Gustavo
53900,Badaracco,Miguel
56916,Badenes,Anselmo
50055,Badrán,Amado F.
53485,Baeza,Natalia
64657,Baggio,Cecilia
65189,Baieli,Claudio
49618,Baigorria,Lorena
53333,Bain,María Elena
57751,Bajo,Juan Manuel
59589,Balbi,María Luciana
55061,Balda,María Verónica
53821,Baldassarri Santalucía,Sandra
52673,Baldini,Patricia Noemí
65275,Baldino,Guillermo
52545,Baldiris,Silvia
58252,Baldizzoni,Ezequiel
56975,Baldo,Guillermo
63290,Baldomá Jones,Pablo
53467,Balladini,Javier
52547,Ballarín,Virginia Laura
59316,Ballejos,Luciana C.
51100,Ballesteros,Carlos Alberto
53506,Balmaceda,María Isabel
56888,Balzarini,Mónica
58505,Bambill,Héctor
51097,Banchero,Nidia
53738,Banchero,Santiago
52672,Banchieri,Miguel Angel
49209,Banchoff Tzancoff,Claudia Mariana
51171,Banchoff Tzancoff,Matías Damián
58517,Bandoni,Alberto
59320,Banquiero,Mariano M.
56936,Baragatti,Hernán
49458,Baraldi,Waldemar A.
59318,Barbagallo,Leandro R.
67125,Barberis,J. Guillermo
51024,Barberis,Julián
56942,Barbero,Dante Andrés
51155,Barbieri,Andrés
56883,Barbieri,Sebastián
59718,Barbosa,Jorge L. V.
65551,Barboza,Matías
58019,Barbuzza,Rosana
59735,Barbán Sarduy,Yoenia Virgen
52813,Barchini,Graciela E.
59684,Bareiro,Hernán
52749,Bargiela,Roberto
65522,Barillaro,Sebastián
52930,Barletta,César Martín
57006,Barranquero,María Fernanda
59630,Barraza,Néstor Rubén
65554,Barreiro,Hernán
52639,Barrera,Diego H.
52774,Barrera,María Alejandra
63495,Barrientos,Leandro Nicolás
56988,Barrientos,Pablo Andrés
64855,Barrionuevo,Diego
55937,Barrionuevo,María Luján
53411,Barrionuevo,Mercedes
58157,Barrios,Teresita Haydeé
53714,Barrios,Walter G.
59710,Barros Justo,José Luís
53424,Barroso,Marcelo
49695,Barry,Damián
59337,Barsce,Juan Cruz
50215,Bartosik,Ricardo
59311,Bartó,Carlos
64879,Baruffaldi,Juan Manuel
58246,Barán,Benjamín
54096,Basanta,Elisa Marta
60712,Basgall,María José
59650,Basso,Diego
67355,Bast,Silvia Gabriela
50117,Batista,Alejandro Roberto
63637,Batista,Ary Pablo
65512,Battaglia,Nicolás
58081,Battezzati,V.
66189,Baum,Gabriel Alfredo
65739,Bava,José Alberto
49553,Bavera,Francisco
59486,Bayo,Martín
53053,Bayá,Ariel E.
65721,Bazzano,Agustina
57003,Bazzocco,Javier
55040,Bazán,Patricia
65108,Becerra,Gastón
53906,Becerra,Héctor
59664,Becerra,Martín Ezequiel
59652,Becerra,María del Carmen
49549,Becker,Pablo
56991,Becker,Valeria
50810,Bedouret,Alejandra
49660,Beguerí,Graciela
59306,Behar,Patricia Alejandra
60699,Belalcázar Villamar,Alberto
51875,Belardi,Juan Bautista
63552,Belazaras,Nicolás
53552,Belcastro,Nilda
55306,Belcastro,Ángela
63528,Belingueres,Gabriel Alfredo
51090,Bellante,Diego Hernán
64952,Belli,Guillermina
65409,Bellini Saibene,Yanina
51167,Bello,Emmanuel
53263,Bellomo,Daniel
66323,Belloni,Edgardo A.
52708,Belmonte,Javier
65423,Belmonte,María Laura
58633,Belmonte,Silvina
65498,Beltrame,Martín
52773,Beltramini,Paola
64829,Benchoff,Delia Esther
58184,Bender,Cristina
52262,Benedetti,Laura A.
53788,Benedetto,Marcelo Gabriel
56946,Beneforti,María Fernanda
55085,Benencia,Raúl
53483,Benilla,Daniel
58260,Benito,Patricia
59685,Benítez,Juan de Dios
65688,Benítez,Sonia
52474,Beraudo,Vanina
65150,Berdun,Franco
58530,Berdun,Luis S.
58679,Berezovsky,Jimena
48920,Bergadá,María Mercedes
53957,Bergamini,María Lorena
58593,Berger,Carlos E.
53591,Bergero,Mercedes S.
49543,Bermúdez,Carlos
50454,Bernal,Cecilia
59331,Bernal,Luciano
52688,Bernal,Rubén Alfredo
55274,Bernardis,Edgardo
49617,Bernardis,Hernán
63636,Berretti,Fernando
59164,Bertazzi,Graciela
65026,Bertellotti,Marcelo
51172,Bertogna,Mario Leandro
66368,Bertolami,Mabel Angélica
52945,Bertolina,Martín
52372,Bertoncello,Rodolfo
66202,Bertone,Rodolfo Alfredo
59338,Bertossi,Valeria
49628,Berón,Mario
59571,Besso,Javier
59665,Bevacqua,Sebastián Ariel
64891,Beviglia,Silvia
66888,Biagioli,Germán
59056,Biale,Claudio Omar
56884,Bianchi,Alejandro
52574,Bianchi,Gloria Susana
53999,Bianchi,Oscar Martín
58147,BIanchini,Germán
65475,Bianco,Santiago
55031,Bibbó,Luis Mariano
53339,Bilbao,Martín
65647,Bini,Agustina
64663,Biondi,Juan Andrés
63630,Bione,Javier
53546,Bioul,Géry Jean Antoine
49731,Bisaro,Luis
65399,Bizai,Gustavo
52972,Bjerg,Astrid
52969,Bjerg,Ernesto
58151,Blanc,Rafael Luján
65007,Blanco,Anibal
53971,Blanco,Gabriel Esteban
56170,Blanco,Javier
53954,Blanco,Sebastián
53639,Blas,María Julia
48544,Blesa,Federico
58178,Blet,Nora S. M.
55244,Boarini,Mauricio Nazareno
55315,Bobbio,Federico
60697,Boccalari,Cristian Luján
63603,Boccalari,Ezequiel
58672,Bocco,Mónica
56881,Boccolini,Bibiana Noemí
57706,Bodanza,Gustavo A.
49225,Bogado García,Joaquín Ignacio
52733,Bogado,Verónica S.
68359,Boggia,Marcos
65612,Boggio,Alejandra
64864,Bolatti,Diego
67126,Bombelli,Enrique C.
64705,Bonaventura,Matías
65726,Bond,Román
56155,Bonelli,Eduardo
52467,Bongianino,Ruben
53667,Bongiovani,Paola
63639,Bonhaure Falcón,Daniel Pierre
68621,Bonifácio Barros,Ana Elisa
49263,Boracchia,Marcos
56908,Bordignon,Fernando Raúl Alfredo
48540,Bordogna,Clelia
52843,Bordón,Maximiliano
60710,Borelli,Lucas
52521,Borgo,Roberto
53298,Boroni,Gustavo
50926,Borrell,Marina
63564,Borrelli,Lucas
56161,Borroni,C.
67505,Boscardín,Liliana Beatriz
59313,Bosch,Horacio E.
63647,Bosetti,Gabriela Alejandra
58714,Bosio,Maria Alejandra
64831,Bossolasco,María Luisa
58267,Bottino,Emilio
59249,Bouchet,A.
52485,Bouciguez,María José
58271,Bourimborde,L.V.
53786,Bournissen,Juan Manuel
65153,Bozzetti,Alfredo
58722,Braberman,Victor Adrian
58146,Brachetta,Mariana
49713,Bramati,Hernán
52572,Bramati,Pedro
52573,Bramati,Silvina
53465,Braun,Germán
49435,Bravo,Victor
65502,Braña,Juan Pablo
56311,Bria,Oscar N.
65499,Briceño,Andrea
58493,Brignole,Nélida B.
52965,Briguez,Cristian E.
52319,Britos,José Daniel
49601,Britos,Luis
53927,Britos,Paola Verónica
51164,Brizuela,Rafael
52647,Bromberg,Facundo
55052,Brown Bartneche,Matías
58519,Broz,Diego
52842,Bruno,María Marcela
65366,Brusa,Graciela María
64700,Brusco,Pablo
65167,Brys,Carlos  R.
67400,Buccella,Agustina
49694,Buckle,Carlos
52796,Budán,Maximiliano Celmo David
52798,Budán,Paola D.
53229,Buemi,María E.
55324,Bueno,Matías
53618,Bueno,Moises
59730,Bueno,Tânia C. D.
54182,Bulacio,Pilar
65183,Bulgarelli,Franco
65190,Burdisso,Sergio
57872,Burgos,Alejandro
56657,Burgos,Claudia Viviana
53611,Bursztyn,Andrés P. M.
59567,Burzacca,Luciana
53725,Busso,Lorena E.
58594,Bustamante,Jorge L.
53420,Bustos,Cristian
49594,Bustos,Fabricio H.
60909,Bustos,Miguel Alfredo
55167,Butti,Matías A.
51111,Báez,Néstor Martín
50206,Bártoli,Carlos Guillermo
65258,Báscolo,Alejandro Miguel
49776,Búcari,Néstor Daniel
65052,Bürgesser,Rodrigo E.
51225,Caballero,Mónica
53776,Caballero,Raúl M.
52512,Caballero,Sergio
59503,Cabero Almenara,Julio
58136,Cabral,Juan Bautista
60883,Cabrera,José L.
59490,Cabrera,Sergio Alberto
68202,Cacciagiú,Georgina Gisele
65042,Cadena,Carlos
52328,Cadile,María Silvia
65362,Cafaro,Diego C.
55279,Cagnina,Leticia
49709,Cajaraville,Pedro G.
60717,Calabrese,Julieta
58504,Calandrini,Guillermo
59991,Calazans,Angelica Toffano Seidel
64865,Calcagno,Ricardo
65482,Calcaterra,Martín
58491,Caldarelli,Marcela
51183,Calderone,Marina
56892,Calderón,José
56911,Calderón,Stella Maris
65424,Caledra,Juan Marcelo
58105,Calegari,Daniel
53637,Caliusco,María Laura
52400,Calot,Enrique
68069,Caluva,Emanuel Ceferino
65295,Calvi Tait,Tania Fatima
67118,Calvo,Patricia
51013,Camarelli,Fernando
59606,Cambarieri,Mauro
68357,Camele,Genaro
57014,Camelier Carvajal,Julia
58929,Camiletti,Pablo
65544,Cammarano,Pablo
65263,Campanella,Sandra
53988,Campazzo,Eduardo Nicolás
52486,Campo,Marcelo
53837,Campoli,Oscar
65269,Campos,Alfredo N.
55325,Campos,Diego
65686,Campos,Fernando
58240,Campos,Matías C.
65504,Camós,Cristina
56965,Canal,Esteban de la
59496,Canavelli,Juan Carlos
53619,Canavesio,Mercedes M.
52617,Cancela,Héctor
68363,Candia,Agustín
60700,Candia,Damián
58143,Cangemi,Gastón
55038,Cano,Diego
64801,Canteros,A.
53746,Canumán,José
63543,Capdevila,Gabriel
63615,Capecci,Eva Magalí
56935,Capelli,Guillermo
49470,Capobianco,Marcela
56149,Cappelletti,Claudia Marcela
48492,Cappelletti,Marcelo Angel
66723,Cappelletti,Silvia
52752,Caputo,Liliana N.
50252,Caraballo,Horacio
59489,Carabio,Ana Lía Ramona
52401,Caram,Leónida Facundo
59113,Carassai,Mariela Andrea
52978,Carballido,Jessica Andrea
58142,Carbonari,Daniela Beatriz
63553,Carbonari,Francisco Eduardo Daniel
65004,Carbone,Miguel
56924,Carboni,Liliana
59635,Cardacci,Dario
65078,Cardellino,Cristian
64939,Carden,Matías
49733,Cardenas,Marina E.
65646,Cardoso,Alejandra Carolina
65601,Cardozo Herrera,Pablo
59325,Cardozo,Claudia
67086,Cardozo,Nancy
67164,Carestia,Nirva
65292,Carignano,María Celeste
63464,Carllinni,Yanela
63589,Carlos,Mariana
63469,Carmine,Fernando Daniel
65022,Carmona,Facundo
54003,Carmona,Fernanda Beatriz
50673,Carnicero,Andrea
50453,Carnino,Mariela Alejandra
59646,Carnuccio,Esteban
54201,Caro,Angélica
64932,Carranza,Álvaro
60961,Carrasco,Agustín
49642,Carrasco,Fernando D.
53768,Carreri,Ricardo A.
49635,Carreño,Emiliano
55055,Carri,José Ignacio
65259,Carriles,Luis
58911,Carrillo,Facundo
52631,Carrizo,Blanca Rosa
59092,Carrizo,Ermelinda Alejandra
58253,Cartannilica,Alan
67216,Casali,Ana
57697,Casalini,María Clara
49633,Casanova,Carlos
67436,Casanovas,Inés
53383,Casas,Guillermo
53960,Casas,Nicanor
53346,Casas,Sandra
65666,Casco,María Eugenia
60956,Casco,Osvaldo
59419,Casco,Víctor
52489,Caselli,Eduardo
51170,Caserotto,Guillermo Alberto
51129,Castañeda,Carlos Sebastián
56960,Castañeda,María Amelia
53615,Castellaro,Marta
51115,Castelli,Viviana C.
58082,Castillo,César A.
59499,Castillo,Emilce Soledad
49732,Castillo,Julio J.
65604,Castillo,Noelia
53496,Castillo,Rodolfo del
52740,Castro Chans,Beatriz
49771,Castro Lechtaler,Antonio
51354,Castro,Alicia Susana
59613,Castro,Cecilia
49742,Castro,Claudia
59761,Castro,Cosette
63583,Castro,Daniel E.
52590,Castro,Dante Daniel
56153,Castro,Gabriela
54625,Castro,Guillermo R.
52540,Castro,Leandro
67078,Castro,Liliana Raquel
49606,Castro,Marcelo
55047,Castro,Néstor
59846,Castro,Pablo Francisco
60884,Castro,Rodrigo
66265,Castro,Silvia Mabel
50668,Castro,Silvia Noemí
63119,Castro,Valeria
63605,Catacora,Jesús Luciano
52398,Cataldi,Zulma
53320,Catania,Carlos
52658,Catena,Franco
63580,Catá,Juan Manuel
59707,Cavadini,Salvador V.
58933,Cavero,Lorena Verónica
58139,Caymes Scutari,Paola
67206,Cayssials,Ricardo
52595,Cazón,Liliana
65209,Cañibano,Rodrigo
63595,Cañibano,Tomás
53542,Cañón,Mila
58712,Cebollada,Marcelo
67501,Ceccatto,Hermenegildo Alejandro
53439,Cecchi,Laura
52242,Cecchini,Rocío L.
53436,Cechich,Alejandra
63598,Celada,Guido José
63611,Celasco,Matías
52524,Cena,Marcelo Guillermo
52960,Cenci,Karina M.
56582,Cendoya,Ana María
55579,Cenicacelaya,María de las Nieves
58021,Cenich,Gabriela
56902,Centeno,María Elena
55245,Cerdá,Ernesto Pedro
53820,Cerezo,Eva
52679,Cernadas,María Alejandra
65030,Cernuschi Frías,Bruno
52580,Cerra,José P.
56034,Cersósimo,Diego Sergio
64862,Cervetto,Mayco
53995,Cervino,Claudio
57723,Cesco,Juan
55064,Chaer,R.
59842,Chaim,Marcos Lordello
58087,Chalabe,Susana
65577,Chalar,Adriana
57757,Chalave,Sergio
56990,Challiol,Cecilia
63617,Chambó,Facundo
56145,Champredonde,Jorge
55066,Champredonde,Raúl
64906,Chapetto,Viviana
56914,Chapov,Osvaldo
58254,Charczuk,Norberto
53905,Charne,Javier
49216,Charnelli,María Emilia
65064,Chautemps,Norma Adriana
52775,Chayle,Carolina
60967,Chelotti,José O.
52810,Chequer,Greta
51092,Chesini,Ulises
66269,Chesñevar,Carlos Iván
53641,Chezzi,Carlos María
52390,Chiabrando,Laura
59416,Chiapello,Jorge
49619,Chiarani,Marcela Cristina
53606,Chiarenza,Diego
51086,Chiarle,Lautaro
56953,Chichizola,Franco
49399,Chicote,Gloria
60898,Chiecher,Analía Claudia
58713,Chiodi,Gustavo A
49930,Chiodini,Horacio
67459,Chiotti,Omar Juan Alfredo
49463,Chuburu,Martín
53993,Chávez,Edgar
49657,Chávez,Susana Beatriz
48542,Ciancio,Gustavo
65479,Cicerchia,Benjamín
59995,Cicerchia,César D.
60949,Ciceri,Leonardo
64800,Cichanowski,Miguel
64936,Cicinelli,Diana
53292,Cifuentes,María Virginia
53638,Cigliuti,Pablo
49696,Cintas,Celia
66885,Ciolli,María Elena
53048,Cipolletti,Marina P.
49772,Cipriano,Marcelo
64944,Cisneros,Jonatan Adrian
52466,Cistac,Griselda
53296,Clausse,Alejandro
61647,Clavellino,Marcos Sebastián
56978,Clemens,María Patricia
52685,Cleva,Mario
52654,Clérigo,Patricia
52399,Clúa,Osvaldo
59821,Cobialca,Silvia
67079,Cobo,María Laura
59837,Coello Coello,Carlos
65615,Coenda,Francisco
52665,Cofre,Lorena
68196,Coggiola,Luciano
53457,Cogliati,Marisa Gloria
52964,Cohen,Andrea
63554,Colautti,Ezequiel
54184,Colla,Pedro E.
53823,Collazos,César A.
63505,Colman,Marisa
65608,Colman,Maximiliano
65505,Colombo,Hugo
65492,Colueque,María Luján
66279,Comini,Laura R.
47007,Comisión de Investigaciones Científicas de la provincia de Buenos Aires,
53840,Comoglio,Marta
64896,Company,Ana María
65539,Conca,Anabella
59458,Concari,Sonia Beatriz
64927,Concha Medina,Edgard José
53118,Conde,Julián
65490,Condo,Sergio
63499,Coni,Cintia Vanesa
51130,Consigli,Carlos Fernando
49738,Constable,Leticia
59356,Copertari,Susana
53595,Coppo,Ricardo
52112,Coralle,L.
55058,Corbalán,Leonardo César
58972,Corbellini,Alejandro
58192,Corbo,Sergio
59709,Cordero,D.
53760,Cordero,Ricardo D.
65455,Corizzo,María Magdalena
55049,Cornago Sedeño,Carla Mariela
60899,Cornejo,César
59647,Cornejo,María Antonella
63628,Coronado,Moisés
53051,Coronel,José
58239,Coronel,José Adrián
59822,Coronel,Juan Enrique
49673,Correa,Carlos A.
51137,Correa,Martín Sebastián
55054,Correa,Natalia
64928,Corro,Gonzalo Gabriel del
65264,Corsano,Gabriela
52632,Corso,Cynthia Lorena
51093,Cortabitarte,Juan
59612,Cortese,Lucía
49609,Cortez,Alberto
49702,Cortez,Juan Manuel
53670,Corti,Rosa Marina
53975,Cortina,Martín
55289,Cortés,Ana
63487,Corvi,Javier Omar
67919,Corvi,Julieta Pilar
64949,Cos,Susana
56121,Coscarelli,Nélida Yolanda
50647,Cosentino,A.
58127,Costa,Antônio Carlos da Rocha
59734,Costa,Cristiano Andres da
55284,Costa,Genaro
53207,Costa,Guido
59620,Costa,Santiago
54244,Costa,Viviana Angélica
52794,Costaguta,Rosanna
68358,Costanzo,Manuel
58078,Cotti,Leda
51144,Covatti,Mariano
49538,Covella,Guillermo Juan
54565,Cozzuol,Ana
51166,Crescitelli,Maximiliano
49548,Crespo,Aldo Abel
49583,Crespo,María Liz
65290,Cristaldo,Patricia
55071,Cristina,Federico
63600,Croce,Lisandro della
65560,Cruz,Alejandro
59096,Cruz,Diana
59188,Cruz,Marcos
53972,Cruzado,Graciela Susana
67207,Cuenca Pletsch,Liliana Raquel
65003,Cuesta Luengo,José Nahuel
50645,Cueva Lovelle,Juan Manuel
64867,Cuevas,Carlos
49743,Cuevas,Juan Carlos
65218,Cuevas,Verónica
60721,Cuitiño,Alfonso
53612,Cukierman,Uriel R.
53242,Culla,María Eugenia
65265,Cunico,María Laura
65229,Cura,Rodrigo René
60955,Curti,Adrián
58017,Curti,Hugo
52596,Cáceres,Nélida Raquel
59459,Cámara,Cristina Noemí
52591,Cándido,Andrea
48852,Cánepa,Ariel Matías
52407,Cánepa,Sabrina
55084,Cáseres,Germán
64902,Céspedes,Eugenia
51281,Córdoba,Laura
52710,D'Agostino,Estela
51141,D'Agostino,Sandra
54167,D'Alotto,Juan
52487,D'Amato,Juan P.
53733,D'Amato,Laura
53771,D'Amato,Miguel
63563,D'Ambrosio,José
53804,D'Amico,Juan Pablo
57020,D'Antonio,Susana
52381,Dadamia,Danilo
58065,Dai Pra,Ana Lucía
58131,Damiano,Luis Esteban
49500,Dams,Alberto
53117,Daniele,Adriana
49550,Daniele,Marcela
53555,Dans,Marta Isabel
52653,Dantiacq,Alejandro
56997,Dapoto,Sebastián H.
52734,Dapozo,Gladys N.
59067,Dartsch,Germán Martín
65356,Darín,Susana
49607,Dasso,Aristides
63463,Datko,Cecilia
52967,Davicino,Pablo
59644,Davis,Efraín
49588,Daza,Mónica Mercedes
50646,De Andrea,M.
53593,De Battista,Anabella
53557,De Battisti,Pablo Jesús
53622,De Federico,Sara
65694,De Gallo,Herminia Beatriz
66197,De Giusti,Armando Eduardo
66198,De Giusti,Laura Cristina
55359,De Giusti,Marisa Raquel
63521,De la Penna,Manuel
49653,De Luca,Adriana J.
53961,De Luca,Graciela
63606,De Luca,Julián
55737,De Luca,Sebastián
53998,De Maria,Eduardo
63539,De Nigris,Agustín
53626,De Pasquale,Lorenzo
59209,De Renzis,Alan
52502,De Silvestre,Enrique
55027,De Sogos,Diego
59634,De Vincenzi,Marcelo
56984,De Vito,María Cecilia
49461,Deagustini,Cristhian A. D.
59723,Debenham,John
58183,Deco,Claudia
63556,Defalco,Magalí Eliana
49697,Defossé,Nahuel
49832,Defranco,Gabriel
58953,Degioanni,Américo
53262,Degiovanni,Renzo
52841,Del Ben,Enzo
65296,Del Colle,Franco A.
50669,Del Frate,Edmundo P.
67239,Del Giorgio Solfa,Federico
59673,Del Giorgio,Horacio
65398,Delfín,Santiago
60962,Delgado,Andrea
60714,Dell'Oso,Matías
56520,Della Rosa,Enriqueta
52252,Delladio,Telma
59392,Dellepiane,Paola Andrea
67083,Delrieux,Claudio
64901,Delvechio,Tomás
55083,Delía,Lisandro Nahuel
49229,Demasi,Mauricio
55249,Demasi,Ramiro Adrián
64893,Demuth,Patricia
52392,Denazis,J.
56981,Denham,Mónica Malén
67175,Depetris,Beatriz O.
64860,Depetris,Leonardo
59328,Deroche,Ariel
59732,Deschamps,Jean-Pierre
55312,Destéfanis,Eduardo A.
51148,Devincenzi,Juan Alberto
59586,Di Cicco,Carlos
51136,Di Domenicantonio,Rossana
64863,Di Donato,Andrés
49600,Di Gennaro,María E.
55320,Di Gionantonio,M. Alejandra
63607,Di Grazia,Anabella
59585,Di Grazia,Nelson Omar
52268,Di Luca,Sandra
65145,Di Martino,Santiago
65470,Di Pasquale,Ricardo
56930,Di Pego de Mac Allister,Claudia
52420,Di Pierro,Valeria
53646,Diaz,Anibal Jorge
54126,Diaz,Daniel
60897,Diaz,Lucas
55302,Diaz,Luis
60939,Dibez,Pablo
52641,Diedrichs,Ana
58932,Dieser,María Paula
54163,Dieste,Oscar
52822,Diez,Eduardo
48952,Diez,Elena
56940,Diez,Mauro
52806,Digión,Leda
65235,Digión,Marisa Angélica
51154,Dignani,Jorge Pablo
65481,Dillon,Marcela
58228,Dip,Hugo
56151,Dirazar,Delio
50667,Discoli,Carlos Alberto
53243,Distel,Juan M.
56905,Distéfano,Mario
52838,Dittler,Martín
53238,Diván,Mario José
63501,Djebaile,Miguel José
65535,Dogliotti,Mariano
59155,Dolcemáscolo,Agostina
53472,Doldan,María del Socorro
65203,Dolz,Daniel
52983,Dominguez,Julián
55270,Dominguez,María Belén
53605,Dominighini,Claudio
50383,Domínguez,Natalia
52600,Domínguez,Samuel Franco
59674,Donadello,Bettina
53986,Donadello,Domingo F.
60192,Donnamaría,M. Cristina
64850,Donnet,Matías
66326,Doorn,Jorge Horacio
48473,Dorbesi,Cristian
52767,Doria,María Vanesa
65260,Dorna,Diego
49584,Dorzán,María Gisela
57722,Doñate,Pedro
67025,Dreizzen,Eduardo
53857,Drozdowicz,Bartolomé
59669,Duarte,Nicolás Daniel
58915,Duarte,Otto Carlos M. B.
58545,Dughera,Lucila
52656,Dumit Muñoz,Nerina Claudia
49544,Dupuy,Germán
58520,Durand,Guillermo
67124,Durand,Patricia Beatriz
49255,Durán,Alejandra
52800,Durán,Elena Beatriz
59593,Durán,Laura
65583,Décima,José Mauricio
49652,Díaz Araya,Daniel
59704,Díaz Pace,J. Andrés
59994,Díaz Redondo,Rebeca
53505,Díaz Reinoso,Verónica Cecilia
63532,Díaz Vélez,Joaquín
56926,Díaz,Alicia
55717,Díaz,Boris
52305,Díaz,Cecilia Beatriz
55323,Díaz,David
60711,Díaz,Delfina
59648,Díaz,Federico
55039,Díaz,Francisco Javier
63652,Díaz,Javier Roberto
52327,Díaz,Laura Cecilia
50788,Díaz,Mario
60917,Díaz,Mathías
60095,Díaz,Nicolás
63549,Ecclesia,Sebastián Gabriel
59727,Echagüe,Juan Vicente
55194,Echaiz,Javier
52385,Echeverría,Adriana
57758,Echániz,Nicolás
59686,Eckert,Karina
50361,Ego Ducrot,Víctor
60719,Eguren,Sebastián
65567,Eines,Mónica Elsa
63362,Elosegui,Pedro
52535,Elías,Silvia Estela
60708,Encina,Natalia
51160,Encinas,Diego
53590,Engel,Paulo Martins
50672,Enrich,Rosa Susana
53358,Enriquez,Juan G.
56583,Enríquez,Silvia Cecilia
52971,Ercolani,Patricia
52675,Eribe,Roberto
52648,Erquiaga,María José
66343,Errecalde,Marcelo Luis
52722,Escalante Figueroa,Julio
52727,Escalante,Jaquelina E.
57698,Escarza,Sebastián
55089,Escobar Gutiérrez,Magda Lorena
56937,Escobar,María Soledad
52267,Escudero,Maximiliano
58214,Escudero,Silvia Susana
52943,Esnaola,Fernanda
53916,Esnaola,Leonardo
65589,Espinosa,José
64679,Espinoza,Cecilia Natalia
57000,Esponda,Silvia
53724,Espíndola,María C.
59212,Espósito,Gabriela
63574,Esquivel,Salvador
66348,Esquivel,Susana Cecilia
52836,Estayno,Marcelo Gustavo
56895,Esteban,Natalia
51378,Estelrich,Héctor Daniel
57601,Estelrrich,Pedro Martín Alfredo
56880,Estigarribia,Hernán
49239,Estrebou,César Armando
56967,Estrugo,Néstor Eduardo
66264,Estévez,Elsa Clara
53787,Etchart,Graciela
51140,Etchegoyen,Juan
67357,Etcheverry,Nilda
54187,Etcheverry,Patricia
53635,Eterovic,Jorge
65533,Eterovic,Silvina
58067,Evans,Felipe
65031,Evin,Diego
58182,Ezpeleta,Joaquín
58104,Ezzatti,Pablo
57738,Fabra,Mariana
52662,Facchini,Higinio Alberto
47689,Facultad de Informática,
47689,Facultad de Informática,
48942,Fainholc,Beatriz
66266,Falappa,Marcelo Alejandro
65283,Falco,Mariana
56979,Falcone,Alejandro César
61236,Fanessi,Cecilia
51105,Fantasia,José Augusto
59358,Fantasía,Yanina
53551,Fantini,Adriana Claudia
59189,Faraci,Pamela
52793,Fares,Rubén
52589,Farfán,José
64653,Farías,Matías
52814,Farías,Roberto
48787,Fasano,María Victoria
64942,Fasce,Sofia
56931,Fava,Laura Andrea
65520,Favieri,Adriana
66883,Favre,Liliana María
59688,Favret,Fabián
67173,Feierherd,Guillermo Eugenio
56154,Felder,Miguel
53210,Feldgen,María
58968,Felice,Laura
50577,Felice,Rodrigo
52664,Felissia,Sergio Francisco
56944,Felix,Sebastián
66894,Feller,Federico
65555,Felten,Analía
66286,Fermé,Eduardo L.
58912,Fernandez Slezak,Diego
66316,Fernandez,Natalia
59783,Fernández Bariviera,Aurelio
59299,Fernández Bennàssar,María del Carmen
48955,Fernández Coria,Carolina
55265,Fernández León,José A.
67127,Fernández Long,María Elena
59610,Fernández Mouján,Inés
58232,Fernández Reuter,Beatriz
65592,Fernández Rojo,Esteban
60722,Fernández Sosa,Juan
55310,Fernández Taurant,Juan Pablo
53717,Fernández Vazques,Agustina
66187,Fernández,Alejandro
49650,Fernández,Arnoldo
58973,Fernández,Daniela
52344,Fernández,Diana E.
66404,Fernández,E.
67090,Fernández,Eduardo Francisco
59777,Fernández,Elmer Andrés
55305,Fernández,Elsa
55086,Fernández,Elvio
51158,Fernández,Enrique
64666,Fernández,Gerardo
59213,Fernández,Gustavo
49602,Fernández,Jacqueline
63519,Fernández,Juan Manuel
64819,Fernández,Juana
63627,Fernández,Leonardo Aníbal
58140,Fernández,Marcela
53843,Fernández,Mariana
52553,Fernández,María Elsa
59491,Fernández,Miguel
59487,Fernández,Miguel Antonio
52744,Fernández,Mirta G.
59642,Fernández,Nancy Luján
52778,Fernández,Natalia E.
56932,Fernández,Pamela
53599,Fernández,Roberto Daniel
57845,Fernández,Sandra
66306,Fernández,Teresa
53969,Fernández,Victor
56167,Fernández,Virgilio
53050,Ferracutti,Gabriela
54189,Ferraggine,Viviana E.
51119,Ferraresso,Alejandro
55342,Ferrari,Flavio Atilio
61216,Ferrari,Hugo Domingo
49706,Ferrari,Mariano
52728,Ferrari,Mariela
49665,Ferrarini Oliver,Cintia
53621,Ferraro de Velo,Ana María
51087,Ferraro,Héctor
52750,Ferraro,María de los Angeles
64925,Ferraro,Matías
55246,Ferreira Szpiniak,Ariel
53385,Ferreira,Fabiana
52404,Ferrer,Alejandro
65598,Ferrero,Mariano
59159,Ferrero,Sergio W.
53409,Ferretti,Edgardo
55090,Ferretti,Nelson Edgardo
59928,Ferreyra Balestra,Juan Pablo
60951,Ferreyra,Alexis
56958,Ferreyra,José Alberto
67116,Ferrini,Adrián
57696,Ferro,Edgardo
59603,Ferrández,Antonio
49487,Feuerstein,Esteban
63596,Figari,Mauro Albano
65588,Figueroa P.,Danilo A.
65550,Figueroa,Karina
52803,Figueroa,Liliana Maria
53204,Figueroa,Nancy
53759,Figueroa,Saritha G.
64946,Figueroa,Sebastián
52586,Figueroa,Sebastián Marcos
63599,Filandini,Juan Manuel
65594,Filia,Guillermo
52465,Filippi,José Luis
56939,Fillia,Osvaldo
52246,Fillottrani,Pablo Rubén
58486,Filocamo,Gabriel R.
51147,Finamore,María Laura
55037,Firmenich,Sergio
51127,Fischer,Stefan
54176,Fissore,Marcela Laura
54168,Fleischman,William M.
54161,Florentín Nuñez,María de las Nieves
52230,Flores Choque,Damián
67401,Flores,Andrés P.
52780,Flores,Carola Victoria
64892,Flores,Fernando
55321,Flores,Nora Viviana
49232,Flores,Raúl Alberto
49682,Flores,Sergio Rafael
53416,Flores,Sonia
53265,Florio,Nicolás
64883,Fogliato,Martín
66803,Folegotto,Isabel E.
54662,Folegotto,Lucas Eduardo
59993,Fonseca C.,Efraín R.
55065,Fonseca,A.
63541,Fontanini,Matías
57720,Fontao,Rafael Oscar
52549,Fontela,Moisés Carlos
59611,Formia,Sonia
56373,Fornari,Anibal
53628,Fornari,Javier
50314,Fornaroli,Fabián
53500,Forradellas Martinez,Raymundo Quilez
58193,Forradellas,Patricia
57011,Forte,Belén
66300,Fortunato,María Susana
51173,Foster,Pablo Mauricio
53634,Foti,Antonio Roberto
49624,Fourcade,Luis Roqué
63567,Fournier,Gastón
56152,Fournier,Natalia
67409,Fracchia,Claudia Carina
63645,Frajberg,Darián
64814,Franco,Daniel
55248,Fraschetti,Guillermo
49243,Frati,Fernando Emmanuel
65610,Fredes,Claudio
59703,Freitas,Aparecido Valdemir de
58719,Frery Orgambide,Alejandro César
49574,Fresno,Mariana del
58720,Frias,Marcelo F.
52666,Friedrich,Guillermo Rodolfo
53862,Friedrich,Luis Fernando
58130,Frittelli,Valerio
65144,Fritz,Estela
57713,Frontini,Romina
50833,Frutos,Mariana
58521,Frutos,Mariano
50452,Frávega,Adriana
61266,Fuentes,Carlos Gonzalo Francisco
59088,Fuentes,Cecilia
49644,Fuentes,Monica
48490,Fuertes,Laura L.
49466,Fulladoza Dalibón,Santiago E.
59284,Fuller,David A.
49587,Funes,Ana
51122,Funes,Nadia
52527,Funez,Dario G.
65649,Furci,Victor
53607,Furfaro,Alejandro
53213,Fusario,Rubén J.
65897,Fushimi,Marcela Susana
52769,Fénnema,Marta Cristina
53463,Gabriel,J. Francisco
53345,Gaetán,Gabriela
66344,Gagliardi,Edilma Olinda
65287,Gago,Javier
49546,Gago,Luis Alberto
65664,Galarza,Brian
67622,Galarza,Romina
52668,Galasso,Christian L.
51132,Galdámez,Nicolás
49485,Galeotti,Juan P.
67390,Gallard,Raúl Hector
67666,Gallardo Urbini,Ignacio Martín
64926,Gallardo,Cecilia Elizabeth
49693,Gallardo,José Isidoro
56957,Gallego Sagastume,Ignacio
49521,Gallego,Alfredo
57012,Gallego,Andrea
51131,Gallego,Enrique Javier
56912,Galli,Adriana Claudia
59351,Galli,Julio
67460,Galli,María Rosa
52771,Gallina,Sergio Hilario
63551,Gallo Vargas,Ana Sofía
64664,Gallo,Fabio R.
49249,Gallo,Silvana
64676,Gamarra,Álvaro
65687,Gambarte,María Laura
66284,Gambini,María Juliana
58261,Gambino,Mariano
53627,Gancharov,Pablo
52249,Ganuza,María Luján
59769,Ganz,Nancy
48742,Garavaglia,Mario J.
59334,Garbarini,Ramiro W.
64698,Garbervetsky,Diego
66474,Garbi,C. J.
65689,Garcete Rodríguez,Alberto David
56886,Garcia,Carlos Diego
58257,Garcia,Jose Manuel
64809,Garciarena Ucelay,María José
52482,García Bauza,Cristian
63558,García Camiña,Alan Gabriel
56516,García Chicote,Gonzalo
55141,García de Souza,Javier Ricardo
53319,García Garino,Carlos
53321,García Guibout,Jorge
59607,García Martínez,Nicolás
64937,García Martínez,Ramón
55314,García Mattío,Mariano
53643,García Neder,Héctor Jorge
49643,García Sosa,Juan C.
67184,García,Adelina
55308,García,Alejandro
67077,García,Alejandro Javier
49591,García,Berta Elena
55032,García,Diego
52237,García,Diego R.
61694,García,Dolores
55328,García,Edith
53212,García,Elena
56963,García,Esteban Andrés
56954,García,Fernando
65545,García,Gerardo
63503,García,Luciano
58135,García,Mario Alejandro
53354,García,María
59724,García,María Beatriz
66891,García,Nilda
53241,García,Pablo
66268,García,Pablo S.
52240,García,Rafael Benjamín
53482,García,Renzo
59581,García,Roberto
49654,García,Sebastián José
67168,García,Silvia
60811,García,Silvia Mónica
63649,Gardella,Juan Pablo
58515,Gargiulo,María Florencia
60657,Gargiulo,Sandra Beatriz
49610,Garis,Ana Gabriela
59232,Garmendia,Aída Emilia
55030,Garrido,Alejandra
53471,Garriga,Martín
49746,Gastañaga,Iris
66351,Gatica,Claudia Ruth
63472,Gaudiani,Adriana Angélica
66406,Gavino,Sergio
52239,Gazcón,Nicolás Fernando
55303,Gel,Matías
60928,Gemin,Walter
57916,Gendler,Martín Ariel
49765,Genero Bocco,Marcela
50980,Genovés,Patricia
53387,Gergich,Marina
53592,Geromini,Noemi Susana
59038,Gervasoni,Luciano
53353,Gesto,Esteban
58128,Geyer,Cláudio Fernando Resin
51149,Ghione,Bruno Sebastián
62349,Ghisolfi,Alberto
49258,Giacomantone,Javier
52514,Giacosa,Norah
56959,Gialonardo,José Ignacio
66190,Giandini,Roxana Silvia
55332,Giandini,Viviana H.
52709,Giandoménico,Enrique
55067,Giannechini,Raimundo
53924,Gibelli,Tatiana Inés
49739,Gibellini,Fabián
49228,Giecco,Juan P.
53982,Gigante,Nora
55276,Gil Costa,Graciela Verónica
56934,Gil,Daniel A.
64675,Gil,Diego I.
67087,Gil,Gustavo Daniel
49605,Gil,Mónica del Carmen
49744,Gimenez Zens,Inés
52289,Gimson Saravia,Loraine Elizabeth
52818,Giménez Pecci,María de la Paz
65216,Giménez,Christian
60941,Giménez,Juan
58156,Giménez,Manuel
67509,Giné de Solà,Francesc
65530,Gioia,Cintia
56920,Gioia,Germán
64905,Giordano,Andrés
52425,Giordano,Verónica
53630,Giorgetti,Carlos
53780,Giorgi,Silvia María
65364,Giovanini,Leonardo L.
52680,Giovannini,Mirtha E.
57010,Giraldo Pirrotta,José María
49637,Giraudi,Daniela Carolina
60457,Girbal,Paola
56894,Giró,Juan Francisco
49886,Girón,Pablo
56922,Gismondi,Jorge
58149,Gitto,Javier
49629,Giubergia,Andrea
52629,Giubergia,María F.
53965,Giulianelli,Daniel Alberto
55336,Giuliani,Daniela
53973,Giuliano,Mónica
59713,Godo,Lluís
52739,Godoy Guglielmone,María Viviana
58531,Godoy,Daniela Lis
52513,Godoy,Diego Alberto
53489,Godoy,Ingrid
55023,Godoy,Marcos
53318,Godoy,Pablo
65371,Godoy,Roberto Javier
52815,Gola,Mariela
64697,Goldin,Andrea P.
52754,Golobisky,María F.
52669,Gomez de Marco,Damián
49639,Gomez,Juan E.
67218,Gomez,Sergio A.
63570,Gomiz,José Gabriel
59312,Gonnet,Silvio M.
52522,Gonzalez Antivilo,Francisco
65579,Gonzalez Casco,Pablo
58669,Gonzalez Kriegel,Bernardo
66349,Gonzalez,Fernando
66376,Gonzalez,Jesús Alberto
64890,Gonzalez,Jorge Ariel
64823,Gonzalez,Marcela P.
52388,Gonzalez,Nahuel Francisco
49558,Gonzaléz,Ariel
52977,Gonzalía,Carlos José
65273,González Allonca,Juan Cruz
49575,González Císaro,Sandra
52544,González de Doña,Mónica Gilda
64852,González Dondo,Diego
59298,González González,Carina Soledad
49208,González Maciel,Ramiro
52686,González Thomas,Arturo
59738,González,A.
67159,González,Adela
49236,González,Alejandro Héctor
52412,González,Ana Julieta
48791,González,Cecilia Zulema
48850,González,Claudia M.
55295,González,Facundo
63604,González,Francisco
58238,González,Gabriela
52633,González,Gustavo
59184,González,Héctor Raúl
49679,González,Liliana Mirna
59215,González,Marcela
52233,González,María Paula
48477,González,Mónica Liliana
63531,González,Nicolás
59112,González,Néstor Daniel
64674,González,Valeria
58992,González,Verónica
59105,González-José,Rolando
68083,Goral,Gonzalo
51145,Gordillo,Nicolás
52313,Gordillo,Sandra
55024,Gordillo,Silvia Ethel
55060,Gorga,Gladys
57029,Gorostidi,Irma Susana
66895,Gotelli,Héctor Gabriel
52236,Gottifredi,Sebastián
62990,Gottlieb,Ernesto Guillermo
58211,Goñalons,Gabriela
52271,Goñi,Gustavo
67225,Goñi,Jorge Luis
49577,Goñi,Oscar Enrique
60209,Goñi,Sandro
58045,Graaf,Jeroen van de
52471,Graglia,Patricia
64672,Gramajo,María Cecilia
52677,Gramajo,Sergio D.
52251,Grandinetti,Walter Marcelo
62978,Grando,Javier
64835,Graneros,Eduardo
67215,Granitto,Pablo Miguel
52117,Grassis,C.
56277,Grau,Oscar
57768,Gravano,Agustín
52746,Greiner,Cristina L.
63648,Grigera,Julián
53054,Grinblat,Guillermo L.
58009,Grinspan,Valentina
58906,Grinsztajn,Fabiana
49752,Groppo,Mario Alberto
65205,Grosclaude,Eduardo
48438,Grossi,Marcos
52382,Grossi,María Delia
49599,Grosso,Alejandro
59187,Grosso,Guillermo
58516,Groza,Adrian
52645,Grünwaldt,Guillermo
52953,Guala,G.
49207,Guaragna,Gustavo
52705,Guarnieri,Griselda
53912,Guasch,Maria Mercedes
49472,Guasco,Luciano M.
58212,Guastavino Mosna,María Lorena
53981,Guatelli,Renata
52395,Guaycochea,Lucas Enrique
52476,Guazzone,Jorge Oscar
65277,Guccione,Leonel
52835,Guerrero,Alejandro
59282,Guerrero,Luis A.
53415,Guerrero,Roberto A.
60960,Guevara,Andrea
55300,Guevara,Miguel José
53797,Guglielmone,Alberto A.
53042,Guido,Luciana
55763,Guiller,Charis Maricel
49247,Guisen,Andrea
49260,Guisández,Roberto
53919,Guruceaga,Marcelo Daniel
54198,Gutiérrez Retamal,Gilberto A.
64904,Gutiérrez,Fernando
64838,Gutiérrez,Jorge J.
49674,Gutiérrez,Laura
59321,Gutiérrez,Milagros
58088,Guzman Palomino,Ariel Nelson
53990,Guzmán,Alejandra Elena
60959,Guzmán,Analía
58109,Guzmán,Jacqueline
52721,Guzmán,María Fernanda
67185,Gálvez Díaz,María del Pilar
58207,Gómez Codutti,Ana
52238,Gómez Lucero,Mauro Javier
52745,Gómez Solis,Laura
65668,Gómez Zermeño,Marcela Georgina
65193,Gómez,Alejandro J.
50812,Gómez,Ana María
59601,Gómez,Federico
64881,Gómez,Juan Carlos
50360,Gómez,Laura
51165,Gómez,Leopoldo Sebastián M.
49274,Gómez,Marcelo E.
49678,Gómez,María Claudia
65595,Gómez,Maximiliano
52228,Gómez,Rodolfo
49465,Gómez,Sergio Alejandro
55053,Gómez,Soledad
64662,Güimil,Estefanía
53856,Hadad,Alejandro Javier
49211,Hadad,Graciela Dora Susana
50823,Haderne,Marisa Fabian
52342,Haedo,Ana Silvia
53367,Hallar,Karim
59106,Hammar,Victoria
55288,Hanzich,Mauricio
55041,Harari,Ivana
49218,Harari,Viviana
49242,Hasperué,Waldo
55068,Hassan,Daniel
52785,Haustein,María Carolina
65507,Hecht,Pedro
59514,Helguera,Marcelo
58196,Heluane,Humberto
59457,Henning,Gabriela P.
59631,Henrión,Guillermo
52304,Heras,José María Las
65400,Herlein,Mauro
66364,Hernández Budé,Porfidio
57031,Hernández Celiz,María Gabriela
54090,Hernández Peñalver,Gregorio
58011,Hernández,José Luis
49834,Hernández,Nicolás A.
53335,Hernández,Sebastián
58084,Herrera Cognetta,Analía
59340,Herrera,Alexander
52776,Herrera,Claudia M.
53347,Herrera,Franco
54194,Herrera,Hernán Horacio
58229,Herrera,Martín
49663,Herrera,Myriam
66345,Herrera,Norma Edith
59283,Herrera,Oriel A.
52792,Herrera,Susana Isabel
52748,Herrmann,Castor F.
67809,Hervas Parra,Carlos
57761,Hirschfeld,Gisela
65008,Hoch,Patricia
59729,Hoeschl,Hugo Cesar
54164,Hossian,Alejandro
67165,Huapaya,Constanza Raquel
49246,Hughes,Dan
58928,Hugo,Alfonso
60695,Humar,Alex
67128,Hurtado,Rafael Horacio
48541,Huttin,Rosa
53317,Iacono,Lucas
63544,Ianicelli,Agustín
49935,Ibarra,Daniel
55046,Ibarra,Gonzalo Martin
49237,Ibañez,Eduardo
65274,Iberti,Eduardo
49651,Ibáñez,Francisco S.
65599,Ibáñez,Leonardo
63586,Ibáñez,Nadia Lucía
52839,Ierache,Jorge Salvador
59663,Igarza,Santiago
55078,Iglesias Caride,Juan Martín
54179,Iglesias,Alejandro Adrián
56928,Iglesias,Gonzalo
55070,Iglesias,Luciano
49271,Iglesias,Marina
53052,Iglesias,Natalia
49934,Iglesias,Omar A.
49570,Illescas,Gustavo
52832,Imparato,Carlos
51156,Inafuku,Fernando Gabriel
58676,Incatasciato,Adriana
52768,Inchaurrondo,Claudia Inés
65984,Indavera Stieben,Leandro Gastón
55280,Ingaramo,Diego Alejandro
49203,Insogna,José Germán
52976,Iparraguirre,Javier
48605,Irastorza,Ramiro Miguel
53098,Iravedra,Araceli
51103,Irazábal,Jerónimo
52840,Iribarren,Juan
50567,Irigoyen,Silvia Angélica
56126,Iriquin,María Soledad
56119,Iriquin,Stella Maris
54008,Irrazábal,Emanuel
64931,Irurzun,Ivana
59697,Isaia,Claudia
55343,Isidori,Alberto Nazareno
59330,Istvan,Romina Mariel
65707,Iturra,Renzo
67499,Iturraspe,Rodolfo Javier
49214,Iuliano,Pablo José
67378,Ivanissevich,María Laura
59475,Izaguirre,María F.
49736,Izaurralde,M. Paula
52604,Izetta Riera,C. Javier
49253,Izurieta,Analía
50635,Jacovkis,Pablo Miguel
64681,Jaime,Fernando Moisés
59825,Janowski,Tomasz
63470,Jaquenod,Guillermo A.
65725,Jara,Jimena
65331,Jara,M. J.
52627,Jaramillo,Carlos
53911,Jaszczyszyn,Adrián
52384,Jeder,Ismael
58590,Jeger,Pablo
55301,Jerez,Marcela
52636,Jewsbury,Alejandra
65648,Jimbo Santana,Patricia
52391,Jiménez Rey,Elizabeth Miriam
56918,Jiménez,Gastón
48981,Jofre,Ana
58008,Jofre,Edgardo
60908,Jofré Pasinetti,Nicolás
58591,Jordán,Mario A.
52295,Jordán,Ramiro
60953,Jornet,Wilfredo
50606,Jubert,Alicia Haydeé
53553,Jáuregui,Raúl I.
56531,Jócano,Érica
52255,Kahnert,Susana
58913,Kamienkowski,Juan E.
65231,Kaminker,Sergio
53956,Kamlofsky,Jorge
52711,Kantor,Raúl
53978,Kaplan,Gladys
57026,Karabogosian,Leonardo Damián
52676,Karanik,Marcelo J.
49603,Kasián,Fernando
67082,Katz,Román
49582,Kavka,Carlos
58047,Kavka,Gustavo
65411,Kemerer,Alejandra
49564,Kilmurray,Cecilia
55051,Kimura,Isabel
63559,Klc,Demian
56913,Kleiman,Diana Leonor
53491,Klemen,Maximiliano
49662,Klenzi,Raúl O.
53778,Kofman,Hugo A.
53442,Kogan,Pablo
64726,Kohan,Mariano
56909,Kohn,Rodolfo
52507,Kolb,Melissa
56163,Koldobsky,Mariano
52503,Kornuta,Carlos
52506,Kornuta,Cristian
66302,Korol,Sonia
63508,Korotuz,Lorena
58227,Korzenieswki,María Isabel
59689,Kotynski,Henry
57863,Kozak,Débora
56146,Krasnogor,Natalio
65573,Kruse,Federico
63632,Kruzylko Ostojic,Claudia Yanina
59114,Kubiczek,Leonardo Mariano
52496,Kuna,Horacio Daniel
54234,Kunysz,Eduardo
55263,Kuz,Antonieta
60930,Kuzman,Melisa G.
52576,Kölln,Ricardo
49234,La Battaglia,Juan Pablo
53718,La Red Martínez,David L.
65553,Labat,Marianela Daiana
51174,Labataglia,J.
49120,Labra,Diego
49710,Labraga,Juan Carlos
65603,Lacour,Betsabé
63534,Laferrara,Víctor Gabriel
49541,Lafuente,Guillermo Javier
49547,Lafuente,Gustavo
52380,Lage,Fernando Javier
65436,Lago,Jonatan
59562,Lagomarsino,Fernando
52819,Laguna,Irma Graciela
53364,Laguía,Daniel
64691,Laluf,Andrea
48543,Landolfi,Oscar
49210,Lanfranco,Einar Felipe
65706,Lang,Carolina
49751,Lanza Castelli,Silvia
66200,Lanzarini,Laura Cristina
53650,Lapasini Leal,Gislaine Camila
65302,Larese,Mónica G.
51120,Larghi,José
57703,Larrea,Martín Leonardo
64660,Larregui,Juan I.
59640,Larrosa,Mónica I.
57016,Lascano,Natacha
67187,Lasserre,Cecilia María
53329,Lasso,Marta Graciela
63535,Lastra,Fabricio Carlos
59712,Latorres,Enrique P.
65210,Laurent,Roberto
49931,Lavagna,María Elba
53737,Lavallen,Pablo J.
63480,Lavié,Sebastián
64820,Lazurri,Guillermo
49464,Lechner,Miriam
58107,Lecumberry,Federico
64856,Ledda,Marcelo
63629,Ledesma Alvear,Juan Carlos
59345,Ledesma,Eugenio
59675,Ledesma,Viviana
49636,Leguizamón,Guillermo
66352,Leguizamón,Mario Guillermo
58226,Leguizamón,María Belén
51113,Leibovich,Fabiana Yael
67394,Leiva,Héctor Ariel
49576,Leiva,Lucas
59193,Leiva,Marcela
52830,Lelli,Ricardo
56951,Len,Sergio Javier
58213,Lencina,Berenice
53910,Lencina,Paula
55079,Lens,Luciana
66324,Leonardi,María Carmen
53632,Leone,Horacio P.
59319,Leone,Matias N.
59339,Lepratte,Leandro Omar
49770,Lescano,Germán Ezequiel
58231,Lescano,Mariela Yolina
53799,Letourneau,Federico
63581,Levy,Santiago José
49980,Lewis,Mirtha Noemí
57002,Leyes,Daniel Alejandro
51089,Leza,María Victoria
50174,Lezcano,José María
55307,León,Coromoto
52660,León,Oscar Alfredo
67413,Liberatore,Gustavo
67186,Liberatori,Héctor Pedro
56906,Liberatori,Mónica Cristina
50160,Liceda,Ernesto
57786,Liceda,Patricia Marta
58134,Ligorria,Karina
58133,Ligorria,Laura
64724,Liguori,Ariel M.
58126,Lima,José Valdeni de
50081,Lima,María Clara
57770,Lion,Carina
58258,Lipera,Liliana
54000,Liporace,Julio César
52397,Lipovetzky,José
51109,Lira,Ariel Jorge
59877,Lisowska,Malgorzata
65578,Lisse,Andrés
65503,Litterio,Alejandra
53726,Litwak,Noelia D.
53563,Livigni,Ester
67166,Lizarralde,Francisco Ángel José
59600,Llanos,Emmanuel
49668,Llarena,Myriam G.
59670,Llave,Esteban de la
56972,Lliteras,Alejandra Beatriz
53854,Llorente,Maria Eugenia
53907,Lo Mónaco,Gabriel
65460,Lobo Mirassón,Unelén
59882,Lobo,Diego
58225,Lobo,Erika
55271,Lobos,Jair
51098,Lofeudo,Nahuel
53609,Lois,Alejandro
51264,Lombardelli,Martha Alicia
63823,Lombardelli,María Julieta
59111,Lombardi,Carlos
65483,Lombardo,Michel
52802,Lopez,Gustavo
49911,Lopresti,Laura A.
49631,Lopresti,Mariela
49261,Lorenti,Luciano
49462,Lorenzetti,Carlos M.
53355,Lorenzetti,D.
53568,Lorenzo,Alicia Noemí
65414,Lorenzo,Máximo
56162,Lorenzón,Emilio
64941,Lorusso,Emiliano
63618,Losso,Emiliano
53293,Lotito,Pablo
58010,Lovera,Santiago
53925,Lovos,Edith
53774,Loyarte,Horacio
60911,Loyola,Juan Martín
49704,Lucas,Sebastián
64895,Lucero,Irene
52526,Lucero,María Margarita
53779,Lucero,Pablo
60906,Ludueña,Verónica
56165,Luengo,Miguel Ángel
59599,Luengo,Pablo
59682,Luft,Raúl
65486,Lugani,Carlos Fabián
53885,Lugo,María Teresa
64813,Lugones,Diego
65271,Lujan,Facundo
68152,Luna Gennari,Carla Elizabeth
54128,Luna,Carlos A.
67196,Luna,Carlos Daniel
55326,Luna,Carlos Raúl
59702,Luna,Daniel
49270,Luna,Nicolás
49664,Lund,María Inés
66365,Luque Fadón,Emilio
64849,Luque,Claudio
65201,Luque,Emilio
49978,Luque,Enrique Hugo
64859,Lurgo,Gerardo
53459,Luzuriaga,Juan Manuel
49614,Luzza,Mariano
56961,Lyardet,Fernando Daniel
66880,López De Luise,María Daniela
49707,López de Munain,Claudia
53997,López Gil,Fernando
53434,López Luro,Francisco
53625,López Nocera,Marcelo
65082,López y Rosenfeld,Matías
54024,López,Fernando Ariel
49220,López,Fernando Esteban Mariano
52383,López,Gustavo
63577,López,Javier
53488,López,Lidia Marina
65521,López,Luis
67089,López,Marcela F.
60921,López,Marcelo
65629,López,Marcos
64898,López,Mariano
52736,López,María Victoria
49711,López,Mónica A.
63471,López,Ricardo A.
66887,López,Virginia Eliana Pompeya
66178,López-Pablos,Rodrigo
63500,Mac Adden,Patricio
67088,Mac Gaul de Jorge,Marcia Ivonne
59332,Maccarone,José Luis
63536,Maceira,Roberto Ezequiel
65152,Machado,C. F
68198,Machado,Ignacio Raúl
56969,Macia,Nicolás
55059,Madoz,María Cristina
63576,Madrid,Federico Gastón
53616,Maenza,Rosa R.
53645,Maggiolo,Gustavo Daniel
55045,Magliano,Virginia María
59087,Maglione,Dora
52232,Maguitman,Ana Gabriela
59645,Maidana,Carlos
52670,Maidana,Federico
58032,Maidana,Jorge
55329,Maiorano,Ariel
63297,Mairal,Luisina
60472,Maitini,José
53545,Malbernat,Lucía Rosario
49661,Malberti,Alejandra
66886,Malbrán,María del Carmen
59163,Maldocena,Paulino
63474,Maldonado Mahauad,Jorge
49727,Maldonado,Calixto
59574,Maldonado,Francisco Darío
52807,Maldonado,Ivanna
52804,Maldonado,Marilena
49773,Maldonado,Ángela
52974,Malet,Ana María
53504,Mallea,Adriana
59720,Maller,Patricio A.
59165,Mallo,Adriana
59639,Malvacio,Eduardo
56948,Malvaso,Marisa Andrea
49745,Mana,Franco
49630,Mancini,Virginia
52231,Manera,José F.
53116,Manero de Zumelzú,Diana
50809,Mange,Elena Eusebia
59573,Mangia,Ernesto
59662,Mangiarua,Nahuel Adiel
64798,Mangudo,P. A
58716,Manna,Andrea
58123,Manresa Yee,Cristina
52963,Mansilla,Alejandra
52826,Mansilla,Diego
64847,Mansilla,Emanuel
52468,Mansilla,Gladis Alejandra
53064,Manzi,Liliana
60473,Manzur,Ezequiel
55269,Manzur,Lilian
59427,Marazzo,José Luis
59737,Marchena Consejero,Esperanza
59333,Marchesini,Javier
59065,Marchetta,Martín G.
52253,Marchetti,Tulio José
52706,Marchisio,Susana Teresa
49904,Marchueta,Julián
52628,Marciszack,Marcelo Martín
53294,Marcos,Claudia A.
55028,Marcos,Daniel H.
49471,Marcos,Julieta
49467,Marcovecchio,Diego
52245,Marcovecchio,Ignacio
58482,Marcucci,Martin
65580,Marenco,Cristian Oscar
55286,Margalef,Tomás
59726,Margaria,Tiziana
63510,Margiotta,Hugo D.
54180,Marianetti,Osvaldo
58677,Mariconde,María Marta
64654,Mariguin,Miguel
56164,Marinangelli,Miriam Judit
51233,Marincoff,Gustavo
52501,Marinelli,Marcelo
53769,Marino,Luis A.
54661,Marisi,Jorge Agustín
65198,Mariñelarena Dondena,Luciana
59420,Mariño,Sonia Itatí
53963,Marko,Isabel
49774,Marmonti,Emiliano Horacio
53295,Marone,José A.
48788,Maronna,Ricardo
49257,Marrero,Luciano
66193,Marrone,Luis Armando
65261,Marsiglia,Silvana
56882,Martegani,Alina Beatriz
49561,Martellotto,Paola
57699,Martig,Sergio R.
49219,Martin,Eliana Sofía
51153,Martin,María Mercedes
50378,Martin,María Victoria
54178,Martinelli,Silvia
65561,Martinez del Pezzo,Horacio
55281,Martinez,Cintia D.
65820,Martinez,Claudia
53392,Martinez,Matias
52717,Martinez,Sandra Noemí
58029,Martini,Esteban
50666,Martini,Irene
53671,Martino,Silvana
53464,Martins,Adair
52825,Martins,Sebastián
49264,Martorelli,Sabrina Lorena
49285,Martorelli,Sergio Roberto
66892,Martín,Adriana Elba
60927,Martín,Adriana Elizabeth
52543,Martín,Clemencia Adriana Nelly
63619,Martín,Jonathan
65139,Martín,María Cristina
56898,Martín,María de los Ángeles
53962,Martín,Sergio
58069,Martín,Sofía Sol
57001,Martínez Belot,Luis José Javier
53475,Martínez Carod,Nadina
54256,Martínez del Pezzo,Andrés
49213,Martínez Garro,José Nicolás
63468,Martínez Grassi,Omar Armando
65680,Martínez Jara,Eustaquio Alcides
56158,Martínez López,Pablo E.
49728,Martínez Spessot,Cesar Ignacio
54668,Martínez Tamayo,Ana María
51856,Martínez,C.
57729,Martínez,Cristian
59498,Martínez,César E.
63575,Martínez,Diego Ariel
64659,Martínez,Diego C.
56941,Martínez,Eduardo
52402,Martínez,Enrique
53047,Martínez,Ernesto
67507,Martínez,F. A.
56985,Martínez,Fernando Carlos
54547,Martínez,Javier
65888,Martínez,Juan Pablo
66884,Martínez,Liliana Inés
53991,Martínez,Marcelo
54041,Martínez,María del Rosario
65500,Martínez,María Roxana
57704,Martínez,María Vanina
63479,Martínez,Miguel
56302,Martínez,Nora
49878,Martínez,Norberto
59066,Martínez,Paula
52707,Martínez,Roberto M.
53476,Martínez,Rodolfo
65513,Martínez,Roxana
52599,Martínez,Sergio L.
53770,Marzocchi,Victorio A.
58158,Marín,María Bianca
66402,Marín,Mauricio
65020,Mas,Fernando Francisco
53503,Masanet,María Isabel
64899,Mascazzini,Matías
52747,Mascheroni,Maximiliano Agustín
63616,Mascioto,María Belén
53289,Massa,José M.
52551,Massa,Stella Maris
52287,Massé Palermo,María Laura
53095,Massé,M.
59636,Mastriani,Mario
53701,Mata,Liliana E.
58967,Mateos,Cristian M.
57017,Matos Mareño,Rosalba
59414,Matoso,Alejandra
58265,Matricardi,Luis
66334,Matsumoto Sato,Liria
52975,Matteis,Leonardo de
63485,Matteoda,Ramiro
56900,Mauco,Virginia
65289,Maudet,Santiago
49248,Maulini,Juan Andrés
49685,Maurel,Daniel
52681,Maurel,María del Carmen
56974,Mauriello,Aixa
65518,Mavrommatis,Hernán
54228,Mayosky,Miguel Angel
53478,Mazalu,Rafaela
53996,Mazza,Norberto
49708,Mazzanti,Renato
63504,Mazzini,Marcos
52844,Meda,Rodolfo
55297,Medel,Diego
49747,Medel,Ricardo
58262,Medina,Adrián Marcelo
50576,Medina,María Mercedes
60957,Medina,Oscar Carlos
60718,Medina,Santiago
58206,Medina,Yanina
53230,Mejail,Marta
64833,Mejias,Melisa
64848,Meles,Judith
65288,Melfi,Lucía
49737,Meloni,Brenda
52229,Mendes Calo,Karla
59323,Mendez,Lautaro
58927,Mendoza,Mario Eduardo
49768,Menini,María de los Ángeles
56156,Menni,Matías
49730,Mercado,Gustavo
64817,Mercado,Jorge
55056,Mercado,Paula
53337,Mercado,Viviana
65662,Merchán Rodríguez,Vicente Rolando
50996,Merino,Gabriel Esteban
51613,Merino,Mariano Lisandro
52394,Merlino,Hernán
49683,Meschino,Gustavo
51810,Messina,Miguel A.
53430,Meyer,Hugo
48694,Meyer,Marcos
65410,Mezher,Romina
67564,Mezura-Montes,Efrén
56956,Miaton,Ivana Carla
63631,Miceli,Pablo
58490,Michalczewsky,Erika
67531,Michalewicz,Zbigniew
65217,Michelan,Gastón
52326,Micolini,Orlando
59109,Midorikawa,Edson T.
49671,Migani,Silvina
50331,Migliorati,Mario Andrés
64703,Miguel,Martín A.
48855,Miguel,Sandra
56986,Miguez,Alejandro Abel
65576,Milanesi,Nahuel
53608,Milevicich,Liliana
53348,Millado,Paula
53507,Millán,Ilda Flavia
59485,Milone,Diego H.
56890,Mineo,Marcos
66314,Minetti,Gabriela F.
53839,Minnaard,Claudia
53835,Minnaard,Viviana
65372,Minni,Hugo
64947,Minutella,Dario
50808,Miquelarena,Teresa Alicia
53920,Mir,Sebastián
65613,Mira,Natalia
58024,Miranda,Andrea
49616,Miranda,Enrique A.
65395,Miranda,Ernesto
53349,Miranda,Gabriela
52517,Miranda,Mirta J.
59268,Miranda,Mirtha
49611,Miranda,Natalia Carolina
53316,Mirasso,Aníbal
58718,Mislej,Ernesto
52795,Missio,Daniela
59781,Mitaritonna,Alejandro
56169,Mocciola,Pablo Andrés
52248,Moguillansky,Martín O.
53623,Moine,Juan Miguel
56949,Mola,Vanesa
49468,Molas,Leonardo
52548,Moler,Emilce Graciela
65170,Molina,Daniel
52292,Molina,Gustavo
53246,Molina,Hernán Darío
52783,Molina,Marcela Soledad
65199,Molina,Romina
55278,Molina,Silvia
53350,Molina,Sonia
51135,Molinari,Enrique
49212,Molinari,Lía Hebe
53844,Mon,Alicia
52659,Monetti,Julio
59077,Monge,David A.
56889,Monserrat,Daniel S.
59310,Montagna,Jorge Marcelo
65542,Montalvo,Cristian
67392,Montejano,Germán Antonio
53344,Montenegro,Cristian
59587,Montero,Facundo
49267,Montes de Oca,Erica Soledad
58668,Montes,Alfredo Miguel
49252,Montezanti,Diego Miguel
58256,Monti,Hernan
53830,Montiel,Santiago
63527,Montone,Mariano
67506,Montoya,Cecilia Inés
58210,Monzón,Jorge E.
55285,Morajko,Anna
49240,Moralejo,Lucrecia
52652,Moralejo,Raúl O.
63571,Morales,Daniel Martín
58235,Morales,María I.
50457,Morandi,Glenda
58068,Morcela,Oscar Antonio
58309,More,Andrés
60920,Moreira,María Eugenia
53983,Moreno,Edgardo J.
52226,Moreno,Juan Carlos
60958,Moreno,Juan Carlos
52782,Moreno,Juan Pablo
58518,Moreno,M. Susana
60922,Moreno,Marcelo P.
65454,Moret,Pablo
64758,Moretti,Ignacio Luis
53559,Morgante,Silvina
59349,Moriya Huzita,Elisa Hatsue
63555,Moro,Martín
57702,Moroni,Norma
56983,Morras,Cecilia Andrea
59560,Morrongiello,Noelia
53456,Morsán,Enrique
55077,Morán,Marina
53953,Morán,Ricardo
53301,Mosca,Nicolás A.
56147,Moscato,Pablo
65282,Moschetti,Diana
56122,Mosconi,Etel Beatriz
49205,Mostaccio,Catalina Alba
58106,Motz,Regina
52505,Mounier,Mónica
66366,Moure,Juan Carlos
53441,Moya,Mario
67092,Moya,María de las Mercedes
53565,Moyano,Ezequiel
53477,Moyano,Marcelo
49555,Moyetta,Adriana M.
53425,Muchut,Alfredo
49658,Murazzo,María Antonia
53427,Muresano,Ronal
63609,Musi Gentile,Franco Agustín
63620,Mussa,María Victoria
65591,Mussati,Miguel C.
59608,Muñoz Abbate,Horacio
58670,Muñoz,Gabriel J.
49741,Muñoz,Roberto M.
60724,Muñoz,Rocío
51719,Mármol,Mariana del
53342,Márquez,Eugenia
52619,Más Sansó,Ramón
58138,Méndez Garabetti,Miguel
49767,Méndez,Analía
51108,Méndez,Mariano
53205,Méndez,Pablo
67183,Méndez,Sandra
49206,Nahuel,Leopoldo
66676,Naiouf,Marcelo
58233,Najar Ruíz,Pablo J.
53056,Namías,Rafael
59341,Nanclares,Jorge
53499,Narváez,Rafael
59590,Naso,Federico
52120,Navarro,Carlos Ramón
59721,Navarro,Diego
53577,Navarro,Gonzalo
54076,Navarro,Martín
49681,Navarro,Mirta Elizabeth
55316,Navarro,Néstor
52657,Navarría,Salvador
64816,Navas,Guillermo Sergio
59308,Navaux,Philippe O. A.
53928,Naveda,Claudia
58533,Navone,Hugo D.
59676,Nazareno,Roberto
52529,Necco,Claudia Mónica
63506,Negri,Gabriel Alejandro
51106,Neil,Carlos
51142,Neiman,Andrés Marcelo
51101,Neiret,Sara Noemí
59774,Neis,Raúl
64943,Nervo,Facundo
58110,Nesmachnow,Sergio
56933,Nestares,Gustavo A.
49581,Neto,João José
65149,Nicoletti,Matías
61907,Nicora,María Gabriela
66720,Niemelä,Paula Cristina
56927,Nieto Peñalver,Luis E.
52674,Nigro,Oscar
59190,Noda,Carina
58148,Noguera,Joel
63608,Nola,Eduardo Sebastián
65047,Nolasco,Miguel
51095,Nomdedeu,Leonardo
63545,Nomdedeu,Luciano Julián
58944,Nordio,D.
53264,Nordio,Martín
59576,Notare,Mirela Sechi Moretti Anonni
49562,Novaira,Maria Marta
53775,Novara,Pablo
51094,Novarini,Pablo
65046,Novas,Juan M.
51133,Nucilli,Emanuel Alberto
48848,Nusch,Carlos
59788,Nuñez,Juan
53604,Nuñez,Juan Pablo
56873,Nóbile,Cecilia
53794,Núñez,Carlos
60991,Núñez,Francisco
52601,Núñez,Álvaro
65679,Obrist Bertrand,Víctor Udo
52308,Occelli,Maricel
53903,Occhipinti,Pedro
53918,Ochipinti,Pedro
53401,Ochoa,Claudio
55272,Ochoa,César
52403,Ochoa,María Alejandra
53578,Ochoa,Sergio
68072,Odetti,Alessandro
49740,Odetti,María Alejandra
67119,Odorico,Arnaldo Héctor
52981,Odorico,Pablo
64992,Olaizola,Eugenia
55317,Olariaga,Sandra Mónica
53433,Olcoz Herrero,Katzalin
64440,Olea,María Mercedes
49703,Olguín,Gabriela
49675,Olguín,Luis Alberto
65180,Oliva,Damián
52760,Olivas Varela,José Ángel
56989,Olivera,Javier Hugo
65559,Olivera,Micaela
50109,Olivera,Noemí Luján
53143,Olivero,Alfredo
67217,Oliveros,Alejandro
58957,Olmedo,Pablo
67091,Olmo,Alejandra Paola del
67142,Olsina Santos,Luis Antonio
59768,Oltolina Giordano,María Teresa
65464,Omar,D.
62525,Orazzi,Amilcar Pedro
52650,Orbiscay,Marcela
65232,Ordinez,Leonardo
66718,Ordoqui,Ercilia
49645,Ordoñez,Guillermo
52470,Orellana,Alina
50475,Orellana,Rosa Beatriz
49691,Oriana,Gabriela Carmen
60934,Ormachea,Daniel
55293,Ormeño,Emilio Gustavo
54141,Ormeño,Emilio Luis
55261,Orosco,Ricardo Fabián
64668,Orozco,David
67084,Orozco,Javier D.
53338,Orozco,Sergio
65113,Orte,Facundo
53569,Ortega,Alfredo
59211,Ortega,Manuel Oscar
53974,Orthusteguy,Fernando
51926,Ortiz Jaureguizar,Edgardo
52757,Ortiz,Claudia S.
59667,Ortiz,Fernando Martín
49640,Ortiz,Natalia J.
67277,Ortúzar,María Graciela de
52954,Oscherov,V.
56964,Osella Massa,Germán Leandro
59758,Osimani,Cesar
56952,Osorio,María Alejandra
51112,Ostermann,Stefania
59672,Otaegui,Juan Carlos
60919,Otazu,Alejandra
67145,Otero,María Rita
55081,Otero,Natalia
63568,Otonelo,Leonardo
50407,Otrocki,Laura
65051,Ovando,Gustavo
58954,Oviedo,Juan
57019,Oviedo,Néstor Fabián
49676,Oviedo,Sandra
65609,Oyarce,Miguel
52797,Ozán,Victor
56546,Pace,Liliana Elisabet
53758,Pacheco Toledo,Ricardo
60693,Pacheco Veliz,Sebastián Exequiel
49700,Pacheco,Cristian
59076,Pacini,Elina
53790,Pacífico,Cristian
59597,Padovani,Franco
53368,Padín,Mirta
67435,Paez,Sergio
52585,Paganini,José Humberto
51121,Pagano,Matías
63584,Pagnutti,Magalí
66042,Palacios,Analía Mirta
51099,Palacios,Eliseo
52779,Palavecino,Rosa
55759,Palazzolo,Fernando
59992,Paldes,Roberto Avila
52811,Palliotto,Diana
52536,Palma,Nélida Beatriz
53315,Palma,Ricardo R.
49597,Palmero,Pablo Rafael
59336,Palombarini,Jorge
59780,Palomo,Lilia
63634,Palumbo,María Florencia
65187,Palumbo,Nahuel
65703,Pampliega,Juan Martín
53429,Panadero,Javier
53328,Pandolfi,Daniel
52756,Panessi,Walter F.
49933,Paniagua,Carmen Noemí
60715,Paniego,Juan Manuel
52837,Panizzi,Marisa D.
63529,Pantaleone,Federico Martín
52243,Paolini,Graciela Beatriz
49539,Papa,María Fernanda
65675,Paparoni,Valeria
66664,Papel,Gustavo Omar
51161,Pardo,Sebastián
58108,Pardo,Álvaro
68088,Paredes,José Francisco
64665,Paredes,José N.
54175,Paris,Marcelo Fabián
60954,Parisi,Germán
52469,Parodi,Carlos
65204,Parra,Gerardo
57027,Parra,Julián Matías
60924,Parra,Lorena
53481,Parra,Susana
53564,Parson,Ariel
53594,Pascal,Andrés
65456,Pascal,Guadalupe
53836,Pascal,Oscar
55087,Pasini,Ariel C.
65575,Pasquale,Antonio
53386,Passerini,Nicolás
58129,Passerino,Liliana Maria
59231,Passoni,Lucía Isabel
59300,Pastor Homs,María Inmaculada
49684,Pastore,Juan Ignacio
56168,Patow,Gustavo Ariel
65146,Pauletti,Clarisa
52575,Paur,Alicia Beatriz
59998,Pautasso,Pablo
52509,Pautsch,J. Germán A.
53841,Pavlicevic,Juan
56372,Pavón,Cristina
52634,Paz Menvielle,María Alejandra
64834,Paz,Fabiola
54856,Paz,María Lorena
53560,Paz,Verónica de la
58144,Pecchia,Matías
60707,Pecile,Lautaro
67197,Pedemonte,Martín
66759,Pedragosa,María Alejandra
59559,Pedrozo Petrazzini,Gabriel
65401,Peiretti,Facundo
65600,Pellecchia,Pablo
58153,Pellegrino,Sergio
64880,Pellejero,Nicolás
65890,Peloche,Silvia
53700,Pelozo,Silvia S.
56166,Pelta,David Alejandro
64658,Peluffo,Ignacio
65050,Penazzi,Daniel
59561,Penco,Paula
53567,Pendenti,Horacio
65893,Pené,Mónica Gabriela
59602,Peral,Jesús
67504,Perales Lopez,Francisco José
59104,Peralta,Lorena
48953,Peralta,Marilina
49613,Peralta,Mario
66882,Pereira,Claudia Teresa
52834,Pereira,Gustavo
49273,Pereira,Hernán
54177,Pereira,Maria Joao V.
65854,Perelló,Mario
52663,Peretti,Gastón
52638,Peretti,Juan Pablo
65172,Pereyra,G.
56919,Perez Herrera,Jorge
56925,Perez Villalba,Máximo
57760,Perez,Héctor
49623,Perez,Norma Beatriz
56904,Perez,Santiago Cristobal
53417,Perez-Monte,Cristina
53908,Peri,Jorge Alberto
67115,Perichinsky,Gregorio
52968,Perillo,Gerardo M. E.
49563,Permigiani,Sonia
60696,Perozo,Matías
55267,Persico,Andrea
68201,Pertini,Bruno
55069,Pesado,Patricia Mabel
51123,Pesce,Pablo
63537,Pessacq,Raúl Adolfo
56907,Pessolani,Pablo Andrés
52743,Petris,Raquel H.
64903,Petrocelli,David
59609,Petroff,Marcelo
65543,Petrolo,Facundo
59618,Pettinari,Mauro
49251,Pettoruti,José Enrique
57022,Peñalva,Mirta del Carmen
60716,Pi Puig,Martín
49620,Pianucci,Irma Guadalupe
65584,Piarrou,Martín Emilio
49766,Piattini Velthuis,Mario
60692,Piazza Orlando,Carlos Damián
53814,Piccin,Ana M.
63465,Piccirilli,Darío
53921,Picco,Trinidad
66350,Piccoli,María Fabiana
55569,Pichel Luck,Maximiliano
65896,Pichinini,Mariana
53901,Piergallini,Maria Rosana
66870,Pietroboni,María Fernanda
59317,Pighin,Gabriel G.
54591,Pilotta,Elvio A.
53055,Pilotti,Pablo
53853,Pimentel,Ernesto
50839,Pinassi,Andrés
60705,Pinciroli,Emilio
59717,Pinciroli,Fernando
59739,Pino Roque,José Antonio
65403,Pinto Roa,Diego P.
65891,Pinto,Analía Verónica
52678,Pinto,Noelia
64861,Pipino,Hugo
65173,Pires,Analía
64723,Pirra,Francisco
52552,Pirro,Adriana
65525,Pisano,Daniel
51116,Pisano,Mauro
58209,Pisarello,María Inés
65704,Pita,Carlos
66890,Pizarro,Alejandra
58930,Pizarro,Rubén A.
67160,Piñuel,Luis
65838,Plastino,Ángel Luis
51910,Plos,Anabela
63560,Poch,Karen
58037,Podkowa,Lucas
50588,Pogliani,Cristina
55273,Pohn,Lian
53474,Pol'la,Matías
56955,Polasek,Luis
53614,Pollo Cattaneo,María Florencia
65531,Pomar,Pablo
53909,Pompei,Sabrina
49590,Ponce,Viviana
65286,Ponisio,Julieta
49201,Pons,Claudia
51162,Pons,Juan
60658,Ponz,María Jimena
55250,Ponzio,Pablo Daniel
58141,Ponzo,Mauricio
49460,Ponzoni,Ignacio
59719,Popovsky,Alejandro Daniel
53710,Porcel,Eduardo
68087,Porco,Andrea Verónica
53389,Porro,Silvia
50592,Porta,Atilio Andrés
65570,Portugal Murcia,Emmanuel Alejandro
55072,Pousa,Adrián
52786,Prado,Ana M. del
51150,Prado,José Carlos
53721,Prat,Emma Susana
54172,Prato,Laura Beatriz
55035,Presso,María José
49879,Presso,Matías
64938,Priano,Rodolfo
50671,Prieto,Jorge
55036,Prieto,Máximo
52742,Primorac,Carlos R.
66342,Printista,Alicia Marcela
65678,Prisching,Guillermo
55330,Prodanoff,Fabiana
65526,Prosman,Facundo
54532,Proto,Araceli
48120,Proyecto de Enlace de Bibliotecas,
65361,Pruvost,Andrés Guillermo
54202,Pryor,Jane
52770,Pucheta,Julián Antonio
52504,Puente,Florencia
59728,Pujolle,Guy
56141,Punte,Graciela
52980,Pupio,Alejandra
53976,Puyo,Gerardo
52823,Pytel,Pablo
63610,Páez,Diego I.
53554,Páez,Francisco E.
55318,Páez,Nancy del Valle
65645,Pérez Abelleira,M. Alicia
54186,Pérez Cota,Manuel
64929,Pérez Crespo,Carlos
64930,Pérez Crespo,María Martha
67181,Pérez Ibarra,Marcelo
63566,Pérez Lucero,Alejandra Lucía
52655,Pérez Monte,Cristian
67182,Pérez Otero,Nilda
60725,Pérez,Alejandro Daniel
53708,Pérez,Cecilia
54166,Pérez,Cristian
67366,Pérez,D. S.
53244,Pérez,Daniel
59595,Pérez,Daniela
65685,Pérez,David
49200,Pérez,Gabriela Alejandra
63640,Pérez,Javier
63496,Pérez,Juan Marcos
53793,Pérez,Martín M.
65293,Pérez,Martín M.
65569,Pérez,Matías
53492,Pérez,Paola
52635,Pérez,Ramiro
52646,Pérez,Santiago
59649,Pérez,Silvia N.
65614,Pérez,Sofía
51143,Pérez,Viviana R.
59641,Périssé,Marcelo C.
52781,Póliche,María Valeria
51151,Pósito,Rosa María
65268,Quaglia,Constanza
56923,Queirel,María Teresa
56998,Queiruga,Claudia Alejandra
65741,Quijano,Antonio Adrián
67180,Quincoces,Viviana Elizabet
54994,Quintana,Nelba
59162,Quintas,Luis Guillermo
65359,Quinteros,Oscar Eduardo
58132,Quinteros,Sergio
57517,Quinto Sánchez,Mirsha Emanuel
63573,Quintín Linero,Eliana Maritza
65564,Quiroga Salomón,Gabriel
66623,Quiroga,David
55082,Quiroga,Facundo
55026,Quiroga,Leandro
60940,Quiroga,Macarena
65866,Quiroga,Pablo
64832,Quispe,Gloria
59775,Quiñones,Paola
59506,Raabe,André Luís Alice
65117,Rabosto,Andrés N.
52389,Racero,Diego
59039,Rago,Alejandro
53312,Raichman,Silvia
59366,Raimondo Anselmino,Natalia
66244,Raimundo,Marcelo
63557,Rajoy,Gaspar
59098,Ramallo,Eva
57576,Ramallo,Virginia
53720,Rambo,A. R.
52511,Rambo,Alice
56530,Ramonda,Carlos A.
53498,Ramos Garcia,Vicente
59342,Ramos,Ignacio
53602,Ramos,Juan Carlos
65291,Ramos,Lautaro
59093,Ramos,Luis
52270,Ramoscelli,Gustavo
65294,Rampazzi,María C.
63624,Ramírez Abella,Gonzalo
58637,Ramírez Morales,Jorge
52290,Ramírez,Jorge
66196,Ramón,Hugo Dionisio
57009,Rancan,Claudio
63621,Randazzo,Franco Eduardo
49615,Rangel Henriques,Pedro
48491,Rapallini,José Antonio
53603,Rapallini,Ulises Mario Alberto
53363,Rasjido,José
63565,Rastelli,María Cecilia
65272,Raus,Nicolás
61912,Ravazzoli,Claudia L.
60952,Ravera,Emanuel
49725,Reategui,Eliseo Berni
58179,Recanzone,Rodolfo R.
47018,Red de Universidades con Carreras en Informática,
65459,Redchuk,Andrés
64851,Redolfi,Javier A.
52667,Reggiani,Guillermo
49559,Regis,Germán
48747,Reichenbach,María Cecilia von
67358,Reid,Marisa
53357,Reinaga,Héctor
59996,Reingart,Mariano
52587,Reinoso,Elizabeth
60901,Reis,María dos
53376,Rembado,Florencia
52554,Remón,Cristian A.
53206,Rendon Zander,Juan
52577,René Cura,Rodrigo
54171,Repetto,Alejandro Juan Manuel
52984,Repetto,Andrés
60236,Represa,Soledad
51134,Restelli,Noelia
59346,Retamar,Soledad
53647,Reula,Germán
52584,Revollo Sarmiento,Natalia
52550,Revuelta,Miguel Ángel
66367,Rexachs del Rosario,Dolores
52510,Rey,Martín
52288,Reyes,Carina Jimena
49327,Reyes,Martín de los
66346,Reyes,Nora Susana
59504,Reyes,Pablo
67398,Reynoso,Luis A.
54007,Riba,Alberto Eduardo
58974,Ribeiro,Federico
52625,Ribeiro,Vinicius Gadis
50835,Riberi,Franco
63622,Ribero Vairo,Santiago
56973,Ricci,Guillermo
53260,Ricci,Nicolás
58216,Ricci,Santiago
52350,Riccillo,Marcela L.
58066,Rico,Carlos
58085,Rico,Lía G.
53636,Rico,Mariela
66325,Ridao,Marcela
66760,Riera,Alicia Beatriz
66341,Riesco,Daniel Eduardo
58022,Rigotti,Guillermo
55262,Rinaldi,Pablo R.
63466,Rio,Nicolás del
64894,Rios,Leopoldo José
55076,Ripodas,Alejandra
55287,Ripoll,Ana
55029,Risi,Walter A.
63561,Rispoli,Paula
49692,Ritter,Pamela
49256,Rius,María Florencia
59591,Riva,Diego Germán de la
65049,Riva,Guillermo C.
59095,Rivadeneira Molina,Silvia
52281,Rivera,Edgar Ariel
55243,Rivera,María Belén
60929,Rivera,Raúl
66897,Rivero,José Matías
49223,Rivero,Laura C.
65487,Rizzo,Ana Cecilia
52682,Roa,Jorge
53781,Roa,Pablo F.
52712,Roatta,Santiago
54005,Robador,Emmanuel Raúl Daniel
65568,Robins,Daniel
56899,Robiolo,Gabriela
65365,Robledo,Miguel Ángel
56995,Robles Luna,Esteban
53484,Robles,Lorena
52649,Robles,María Inés
56962,Robles,Matías
52285,Rocabado Moreno,Sergio Hernán
65284,Rocca,Leandro
65253,Rocchetti,Néstor
59505,Rocha Fernandes,Anita Maria da
54192,Rocha,Cristian S.
59110,Rocha,Ricardo Luis de Azevedo da
66320,Rocha,Susana
66378,Roda García,José Luis
58529,Rodrigo,María A.
53533,Rodriguez Barros,Diana
59708,Rodriguez,C.
65552,Rodriguez,Federico Matias
49250,Rodriguez,Ismael Pablo
53745,Rodriguez,Iván
55080,Rodriguez,Leandro
65266,Rodriguez,Sebastián
49265,Rodríguez Eguren,Pablo Sebastián
65602,Rodríguez González,Silvana
65174,Rodríguez Herlein,Diego R.
64815,Rodríguez Medina,Gustavo
52723,Rodríguez Rey,Pablo
60469,Rodríguez Vuan,Julieta Paz
49226,Rodríguez,Anahí S.
52791,Rodríguez,Carlos
56970,Rodríguez,Christian Adrián
52824,Rodríguez,Darío
52196,Rodríguez,Diego
59617,Rodríguez,Eduardo J.
66896,Rodríguez,Facundo Martín
51038,Rodríguez,Federico
60910,Rodríguez,Graciela
49843,Rodríguez,Guillermo
55259,Rodríguez,Guillermo Horacio
53658,Rodríguez,Guillermo L.
53435,Rodríguez,Jorge
57825,Rodríguez,Juan Manuel
59582,Rodríguez,Marcos Augusto
64837,Rodríguez,Mariela E.
59431,Rodríguez,Marina
49842,Rodríguez,Martín
59929,Rodríguez,Martín Andrés
63361,Rodríguez,María Florencia
49656,Rodríguez,Nelson R.
51088,Rodríguez,Nicolás
59733,Rodríguez,Ricardo
53959,Rodríguez,Rocío Andrea
59196,Roger,Sandra
49604,Roggero,Patricia
55220,Rojas Paredes,Andrés
59090,Rojas,Griselda
53334,Rojas,Hugo Santos
60936,Rojas,Luis
54188,Rojas,María del C.
66321,Rojo,Guillermo Aníbal
53947,Rojo,Santiago
59391,Rojo,Silvana del Valle
49769,Roldán,Aldo
53987,Roldán,Marcelo Fabio
66195,Roldán,María Carina
52306,Roldán,Paola
53842,Rolón,Hugo
64818,Romagnano,María Gema
49667,Romagnano,María R.
63633,Romagnoli,Nicolás
56903,Romaniz,Susana Cristina
65010,Romano,Horacio
56521,Romanut,Leandro Matías
63582,Romero Dapozo,J. Ramiro
51091,Romero,Andrés
56992,Romero,Dalila
48891,Romero,Daniel
49560,Romero,Daniel
66194,Romero,Fernando
64866,Romero,Gilda R.
58259,Romero,Juan Carlos
53336,Romero,Julio César
53777,Romero,Lucila
55313,Romero,María Soledad
55034,Romero,Natalia
51124,Ronchetti,Franco
60704,Ronconi,Lisandro
55275,Roqué Fourcade,Luis
60937,Rosales,Pablo
67174,Rosanigo,Zulema Beatriz
54669,Rosario Molfino,María del
49627,Rosas,María Verónica
65574,Rosello,Renato
63562,Rosenfeld,Ilan
57005,Rosenfeld,Ricardo
52799,Rosenzvaig,Federico
49486,Rossel,Gerardo
52718,Rossi,Bibiana D.
64728,Rossi,Federico M.
52135,Rossi,Gustavo
66191,Rossi,Gustavo Héctor
52307,Rossi,Roberto
66301,Rossi,Susana
48751,Rossignoli,Raúl
58522,Rossit,Daniel
56205,Rosso,A.
55050,Rosso,Jorge
52250,Rotstein,Nicolás D.
53675,Rousselot,Julián
65563,Rovero,Mara
53494,Rozas,Claudia
48864,Rozemblum,Cecilia
53629,Rozenhauz,Julieta Cecilia
53410,Ruano,Carina
49592,Ruano,Darío
52488,Rubiales,Aldo
57728,Rubilar,Tamara
60702,Rubio,Damián
55309,Rubio,Diego Martín
65384,Rubiolo,Mariano
49241,Rucci,Enzo
60925,Rueda,Jose R.
56123,Rueda,Leticia Argentina
53508,Rueda,Luis G.
67076,Rueda,Sonia Vivian
66285,Ruedín,Ana M. C.
53766,Rufiner,Hugo Leonardo
63591,Rufrancos,Federico
55319,Ruhl,Analía Lorena
59322,Ruidías,Héctor J.
54006,Ruitti,Alberto Javier
65933,Ruiz de Galarreta,Juan
56893,Ruiz de Mendarozqueta,Alvaro
66893,Ruiz,Germán Esteban
52541,Ruiz,Susana
49202,Rulli,María Luján
54549,Runco,Jorge
50578,Ruscitti,Fernando
66201,Ruscuni,Sebastián Mariano
49231,Russo,Claudia Cecilia
56950,Russo,Wanda Mariana
56896,Ruz,Cecilia Ana
65394,Ruíz,Silvia
53984,Ryckeboer,Hugo Emilio
53115,Ré,Miguel A.
60985,Río,Laura Sombra del
65566,Ríos,Cristian
64897,Ríos,Domingo
56921,Ríos,Liliana Griselda
64900,Ríssola,Esteban A.
65279,Róttoli,Giovanni
49245,Saadi,María Florencia
53613,Saavedra Martínez,Paola
64692,Saavedra,Leandro
51117,Sabolansky,Alejandro Javier
52302,Sabulsky,Gabriela
63540,Saccani,Pablo Andrés
51104,Sacco,Antonio
64948,Sack,Pablo Gastón
64661,Sacristán,Yésica
59365,Sad,Gonzalo D.
52941,Sadaba,Ana Inés
53558,Saenz López,Marta Susana
59089,Saenz,José L.
53914,Saenz,Mariana
56757,Saenz,Mariana
67393,Saez,Fernando
48462,Safar,Félix G.
48460,Sager,Gerardo Enrique
59191,Sagripanti,Mauro
52966,Sagui,Fernando M.
59681,Sagula,Jorge E.
53913,Said,Carlos
65611,Salamon,Alicia
60471,Salamone Lacunza,Paula
52314,Salas,María José
60713,Salazar Mesía,Natalí
52809,Salazar,Nevelyn
63509,Saldaña,Flavia
53326,Saldaño,Viviana E.
65491,Saldivia,Álvaro
55339,Salerno,Mirta N.
49612,Salgado,Carlos Humberto
52244,Salgado,Diana
52393,Salgueiro,Fernando A.
66724,Salinas,Gustavo Omar
63601,Salinas,Jorge Adrián
59327,Saliwonczyk,Christian
52445,Salles,Alejandro
59314,Salomone,Enrique
66315,Salto,Carolina
59097,Salvador,Jacobo
49787,Salvadori,Viviana Olga
59418,Salvatelli,Adrián
49699,Samec,Gustavo
52683,Sampallo,Guillermo M.
53014,San Martín,Patricia S.
59488,San Miguel,Silvina Ester
53330,San Pedro,María Eugenia de
52942,Sanchez Salvioli,Ana Paula
59779,Sanchez Zuaín,Silvia
49634,Sanchez,Alejandro
49244,Sanchez,Mariano
65562,Sanchez,Valeria
66377,Sande,Francisco de
52687,Sandobal,Valeria
60932,Sandoval,Anahi
59267,Sandoval,Sandra
63473,Sandí Delgado,Juan Carlos
67319,Sanllorenti,Ana
49906,Sanmarco,Enrique Daniel
56943,Sansano,Mauricio
53964,Santa María,Cristóbal
64736,Santa María,Victoria
59794,Santacruz Valencia,Liliana Patricia
54561,Santamaría,Mariana
50510,Santamaría,Pablo Javier
56863,Santamaría,Ricardo
58236,Santana Mansilla,Pablo
63498,Santana,Carlos Ariel
60938,Santana,Santiago
63623,Santillán,Carlos Marcelo
52828,Santos,Damián
53332,Santos,Eder dos
67146,Santos,Graciela
59690,Santos,Héctor dos
58494,Santos,Jorge
58495,Santos,Rodrigo
57025,Santos,Silvana
49540,Sanz Troiani,Fernando
55088,Sanz,Cecilia Verónica
59668,Sanz,Diego Rubén
49233,Sanz,Victoria María
65722,Saporiti,Ignacio
59643,Saraceni,Ana Claudia
58638,Sarmiento Barbieri,Nilsa
53904,Sarobe,Mónica
65705,Sarraute,Carlos
65367,Sartori,Alejandro
53669,Sartorio,Alejandro R.
52833,Sattolo,Iris
58673,Sayago,Silvina
51107,Scappini,Reinaldo José Ramón
56777,Scaramellini,Nora
49459,Scarpa,Diego
55299,Scheffer,María
52484,Schiaffino,Silvia
55042,Schiavoni,María Alejandra
58137,Schilardi,Adriana
65140,Schlaps,Erica
53414,Schlesinger,Federico
53388,Schneider,Débora
65386,Schneider,Gerardo
52973,Schneider,José Ignacio
49705,Schorb,Eduardo
66370,Schorb,Lucas
60694,Schulz,José Gabriel
64667,Schumacher,Marcela
54588,Schuverdt,María Laura
49557,Schwartz,Gladys
55247,Scilingo,Gastón
67072,Scolnik,Hugo Daniel
65474,Scordamaglia,Ezequiel
63034,Scorians,Erica Elena
65527,Scorzo,Roxana
59040,Scott,Ezequiel
53601,Screpnik,Claudia
64935,Sebastián,Alberto
65143,Segovia,Darío
49638,Segura Guzmán,Gabriela Soledad
55221,Segura,Enrique C.
63546,Seifert,Santiago
55219,Seijas,Leticia
55195,Selzer,Matías Nicolás
64934,Semprini,Gastón
65523,Sena,Matías Ezequiel
53556,Sendín,María Elena
52500,Senn,Jorge
50562,Sens,Lorena
52498,Sequeira,Gladis
52490,Serafino,Sandra
55322,Serna,Mónica Mariel
53845,Serra,Diego
67905,Serra,Silvio Luis
49734,Serrano,Diego J.
59596,Serrano,Eliana
52386,Servetto,Arturo Carlos
65457,Servetto,Diego
48121,Servicio de Difusión de la Creación Intelectual,
53343,Serón,Natalia
49670,Sevilla,Gustavo A.
57701,Señas,Perla
54002,Sfeir,Alberto Jorge
59357,Sgreccia,Natalia
51216,Shifres,Favio
58717,Sicre,J.
53369,Sierpe,Luis
53495,Sierra,Enrique Ariel
57764,Sigman,Mariano
53855,Sigura,Aldo
67044,Silberman,Martín
49748,Silclir,Mauricio
53791,Silva Layes,María Elisabeth
57028,Silva Moran,Dario
52801,Silva,Carmen
53651,Silva,César Alberto da
59714,Silva,Júlia Marques da
67154,Silva,Mariza Bigonha Andrade da
63530,Silva,Matías Nicolás
67153,Silva,Roberto Bigonha da
52291,Silvera,Jorge Alberto
58048,Silvestri,Mario A.
52269,Silvetti,Andrea
52254,Simari,Gerardo I.
66263,Simari,Guillermo Ricardo
58489,Simari,Patricio D.
63502,Simoncini,Germán
53299,Simonelli,Daniel Horacio
57717,Simón,Cecilia
58181,Simón,José Luis
51008,Simón,Liliana
65280,Sincosky,Noelia
53858,Sione,Walter F.
63526,Siri,Alejandro
52537,Sirvente,Américo
59725,Skliarova,Iouliia
49712,Sloboda,Lidia
59592,Smail,Ana
56976,Smith,Clara Patricia
52741,Sobol,Blanca
50800,Sobrado,Ariel
53352,Sofía,Osiris
65387,Solano,Agustin
59350,Soler Pellicer,Yolanda
51139,Solinas,Miguel Ángel
49556,Solivellas,Daniela Beatriz
58030,Solonezen,Lisandro
67508,Solsona Theás,Francesc
65677,Sommer,Sonia
65547,Sonzini,María Soledad
52820,Sorgen,Amos
58969,Soria,Alvaro
58159,Soria,Fernando
65236,Soria,Jorge Miguel
52341,Soria,Marcelo
57856,Soria,Marcelo A.
52283,Soria,Marcelo Gabriel
58150,Soria,Rubén
49227,Soria,Valeria
52777,Sosa Bruchmann,Eugenia C.
53413,Sosa Toranzo,Cecilia
59575,Sosa Zitto,Rossana
59683,Sosa,Darío
58028,Sosa,Eduardo Omar
59107,Sosa,Hernán
58180,Sosa,José Ignacio
50861,Sosa,Laura Mercedes
52790,Sosa,Mabel
52765,Sosa,Marcelo Omar
48442,Sosa,María Isabel
59064,Sosa,Milton E.
56159,Sosa,Ramiro Fabián
49932,Soto,Juan D.
59588,Sottile,Sebastián
59716,Souza,Josemar Rodrigues de
50418,Souza,María Silvina
53861,Specialski,Elizabeth Sueli
65188,Spigariol,Lucas
48464,Spinelli,Enrique Mario
66998,Spinelli,Osvaldo Mateo
53985,Spositto,Osvaldo Mario
49469,Stankevicius,Alejandro G.
49542,Stark,Natalia
49040,Stavale,Mariela
67433,Stegmayer Machado,Georgina S.
53782,Stegmayer,Georgina
59305,Steinmacher,Igor
53108,Sterren,Andrea Fabiana
55304,Stickar,Romina
65270,Straccia,Luciano
54165,Suarez Baron,Marco Javier
58033,Such,Alejandro
58031,Sueldo,R.
55283,Suppi,Remo
58970,Sutter,Gustavo
58255,Sutz,Guillermo
59987,Suárez,Pablo
65489,Suárez,Paula
59687,Suénaga,Roberto
55074,Swaels,Maximiliano
53479,Sznek,Jorge Eduardo
54235,Szymanowski,Alicia
49729,Szyrko,Pablo
59965,Sáenz,Fabián
57066,Sáez,Mariana Lucía
52588,Sánchez Rivero,David
55294,Sánchez Tores,Héctor A.
59731,Sánchez,Alberto
65200,Sánchez,Alberto
52071,Sánchez,Alicia
56968,Sánchez,Cristian Fabián
52284,Sánchez,Ernesto
60933,Sánchez,Fabiana
55458,Sánchez,Hilda Liliana
53460,Sánchez,Laura
53493,Sánchez,Laura
65009,Sánchez,Mabel
52956,Sánchez,Marisa
51096,Sánchez,Pablo Ezequiel
56091,Sánchez,Silvina
53490,Sánchez,Viviana
68084,Sívori,Jonatan
52644,Tabacchi,Germán
51177,Tabarozzi,Marcos Leonardo
52640,Taffernaberry,Juan Carlos
67379,Talay,Carlos A.
52235,Tamargo,Luciano H.
56917,Tambornino,Roberto
59722,Tamburri,Adrián Mario
59454,Tamer,Norma Liliana
49749,Tanburi,Darío O.
64678,Tapia,Cristian R.
54183,Tapia,Elizabeth
67179,Tapia,Maria
65667,Tapia,Néstor
49698,Taquias,Daniel
49589,Taranilla,María Teresa
53261,Tardivo,María Laura
52598,Tarifa,Enrique E.
64830,Tarifa,Héctor
59307,Tarouco,Liane Margarida Rockenbach
66199,Tarrío,Diego F.
52944,Tarutina,Tatiana
61595,Tauber,Fernando
67434,Taverna,María Laura
52880,Tedesco,Alicia Beatriz
59637,Tedini,Daniel
54004,Tejada,Jorge Damian
58080,Tejerina,Mario
52578,Tejero,Germán
60701,Telechea,Miguel
54730,Tello,César Gerónimo
63592,Tello,Pablo Gabriel
65368,Temperini,Marcelo G. I.
53958,Teragni,Matías
58565,Terissi,Lucas D.
56994,Terrazas Angulo,Germán
57004,Terruzzi,Franco Agustín
68385,Tesone,Fernando
56982,Tesoriero,Ricardo
59594,Tessore,Juan Pablo
49545,Testa,Oscar
51110,Texier,José Daniel
49569,Teyseyre,Alfredo Raúl
57695,Teze,Juan Carlos
59711,Thiry,Marcello
48675,Thomas,Luis Pablo
55057,Thomas,Pablo Javier
56910,Thompson,Héctor
66203,Tinetti,Fernando Gustavo
63488,Tirabassi,Américo Natalio
59175,Tirado Fernández,Francisco
55277,Tissera,Pablo Cristian
65142,Titionik,Diamela
58249,Titiosky,Rolando
58145,Tiviroli,Carlos
58230,Tkachuk,Gregorio N.
52651,Tobar,Sebastián
49806,Tocci,Ana María
58971,Todorovich,Elías
52256,Tohmé,Fernando Abel
64839,Tolaba,Carolina
51152,Toledo,Gabriela Alejandra
56891,Toledo,Jaime
55766,Toledo,Mariano
58215,Tolosa,Gabriel Hernán
49571,Toloza,Juan Manuel
53640,Tomaselli,Gabriela
53624,Tomasello,M.
55264,Tommasi,M. Carolina
52671,Tonietti,Santiago
67608,Torales,Rodrigo
56980,Torre,Claudio Alejandro
51076,Torre,Sebastián
60931,Torrent,Marcela
52720,Torres Auad,Lía Fabiana
49204,Torres,Diego
52542,Torres,Estela
53384,Torres,Germán
53443,Torres,Guillermo
57731,Torres,Juan Antonio
52293,Torres,M.
57007,Torres,Marcos Gabriel
63625,Torres,Matías Alejandro
49626,Torres,Silvia Vanesa
63602,Torres,Tamara
49622,Torres,Vanesa
67356,Torroba,Estela
49857,Torroba,Patricia Laura
51610,Torrusio,Sandra Edith
58154,Tortosa,Nicolás
67144,Tosini,Marcelo Alejandro
53311,Totter,Eduardo
50408,Tous,Carla
57024,Traberg,Gastón
58592,Trabes,Emanuel
60907,Trabes,Guillermo
63585,Trabucco,María Belén
53119,Trad,Jairo
58916,Travassos,Guilherme Horta
54174,Traverso,Hugo Emilio
63593,Trejo,Martín Nicolás
50831,Trejo,Melina B.
53360,Trejo,Natalia B.
64677,Trenti,Javier
59705,Trentin,Marco Antônio Sandini
59192,Trevisani,Daniel
53966,Trigueros,Artemisa
56996,Trilla,Gisela
58532,Trilnik,Federico
59150,Trinidad,Oscar
49572,Tripodi,Gustavo
57705,Trippel Nagel,Juan Manuel
53288,Tristán,Paula
53408,Troentle,Diego
65493,Troglia,María José
52642,Tromer,Sebastián
49632,Truglio,Matías
58492,Trutner,Guillermo
57700,Tucat,Mariano
53785,Tugnarelli,Mónica
59778,Tumino,Marisa
63635,Tunessi,María Silvina
66347,Turull Torres,José María
51269,Tuñez,Mirian
53642,Tymoschuk,Ana Rosa
64699,Uchitel,Sebastián
59789,Umaño,Marcos
66192,Ungaro,Ana Maria
47001,Universidad Nacional de La Plata,
52808,Unzaga,Silvina
48862,Unzurrunzaga,Carolina
56993,Urbieta,Mario Matías
53566,Urciuolo,Adriana Beatriz
65558,Urdinola,Ricardo
60918,Ureta,Laura
65532,Ureta,Walter
49764,Uribe Paredes,Roberto
53468,Uribe,Federico
52241,Urribarri,Dana K.
66369,Urriza,José M.
49551,Uva,Marcelo
49690,Uviña,Patricia Ruth
53672,Uzal,Lucas
67503,Uzal,Roberto
59117,Vaca,Josefina
49750,Vaca,Pablo A.
51102,Vacchino,María Cristina
58220,Valdez,Néstor Jorge
53573,Valdiviezo,Luis M.
53341,Valdéz,Jorge
49655,Valenzuela,Adriana
49680,Valenzuela,Francisca Adriana
52753,Valesani,María E.
53977,Valiente,Waldo
56966,Valladares,Fernando Javier
56267,Vallejo,Alcira Estela
65676,Vallejos,Leonardo
53994,Vallejos,Oscar
65378,Vallejos,Oscar
65537,Valles,Gabriela Yanina
65524,Vallés,Federico E.
65444,Van den Bosch,María Eugenia
60706,Van Haaster,Diego
52729,Vanderland,María de los A.
60720,Vannasaeng,Franco
53365,Vanoli,Verónica
53633,Vanrell,Juan Ángel
65363,Vanrell,Sebastián R.
53772,Vanzetti,Nicolás
53955,Vaquero,Marcelo
54193,Varanda Pereira,Maria João
52127,Varas,Pablo
53356,Varas,V.
50670,Varela,Fernando E. N.
68779,Varela,Leonardo Néstor
66077,Varela,Sebastián
66681,Vargas Camacho,María Teresa
52592,Vargas,Alejandro
52294,Vargas,Claudio
64693,Vargas,Laura
52605,Vargas,Luis Alejandro
52970,Varisto,Yanel Martín
51118,Vasquez,Pilar María
53440,Vaucheret,Claudio A.
65402,Vazquez,Aditardo
52661,Vazquez,Alejandro
53648,Vecchietti,Aldo R.
53722,Vedoya,Daniel Edgardo
58234,Vega Ugozzoli,Carlos E.
59885,Vega,Alejandro
52602,Vega,Ariel
63462,Vega,Edgar
64846,Vega,Guillermo
52766,Vega,Raúl Marcelo
49268,Vegas,Javier
53620,Vegega,Cinthia
59309,Vegetti,Marcela
65839,Veiga,Alejandro Luis
65506,Veiga,Daniel
58152,Velasquez,Gabriela
67840,Velurtas,Ezequiel
58268,Velásquez,Andrés
53421,Velázquez,Carlos
64836,Velázquez,Evelina C.
52805,Velázquez,Isabel
55043,Venosa,Paula
57745,Ventre,Luis O.
54143,Vera,Andrea Fabiana
49672,Vera,Cristina
49884,Vera,José Obdulio
51159,Vera,Pablo Martín
52597,Verazay,Abigaíl R. N.
65501,Verbel de La Cruz,Luís
65177,Vercelli,Ariel
50838,Verde,Carmiña
67500,Verdes,Pablo Fabián
59666,Verdicchio,Nicolás Nazareno
52329,Vermouth,Nelia T.
54993,Vernet,Mercedes
59450,Verón,Juan Antonio
52730,Verón,Silvana
50346,Vestfrid,Pamela
65230,Vezub,Julio E.
53418,Viano,Hugo
53589,Vicari,Rosa
65206,Vicente,Andrea
66826,Vicente,María Eugenia
52473,Vicente,Sonia
55062,Vicenzi,Ana Laura
60709,Vicenzi,Mario
63587,Vidal,Gabriel Adrián
53359,Vidal,Graciela
51125,Vidal,Juan Ignacio
53362,Vidal,Pablo
53340,Vidal,Paola
60900,Vidal,Santiago
50320,Vidarte Asorey,Verónica
65519,Videla,Lucas
63477,Vido,Alan Jonatan
65262,Vidoni,Melina C.
50674,Viegas,Graciela Melisa
53310,Vier,Sergio Fabián
59509,Viglizzo,Ernesto F.
54589,Vignau,Raúl Pedro
64690,Vignoli,Adolfo
51085,Vila,María Marta
51163,Vilaboa,Pablo
52788,Vilallonga,Gabriel Domingo
59086,Vilanova,Gabriela
63594,Vilas,Leandro Nicolás
49905,Vilche,Ernesto
57023,Vilches Antão,Diego Gastón
49238,Villa Monte,Augusto
66089,Villa,Alicia Inés
56915,Villa,Juan Pablo
49659,Villafañe,Daniela A.
54247,Villagarcía Wanza,Horacio A.
53331,Villagra,Andrea
52187,Villagra,Sergio
53361,Villagra,Silvia
52772,Villagrán,Luis Daniel
53644,Villareal,Pablo
49927,Villarreal,Gonzalo Luján
53649,Villarreal,Pablo David
58086,Villarrubia,Laura R.
56776,Villarruel,Mónica
65234,Villarubia,Laura R.
53852,Villatoro,Francisco
65166,Villavicencio,Christian
49593,Villegas,Ana
64808,Villegas,María Paula
52538,Villodre,Silvia Lydia
54173,Villoria,Liliana Noemí
59094,Vilte,Diego
53970,Vinjoy,Marcelo
51114,Vinuesa,Hernán Luis
49262,Violini,María Lucía
58488,Vitale,A.
52234,Vitturini,Mercedes
59605,Vivas,Héctor Luis
67172,Vivas,Jorge
49224,Vizcaino,Aldo María
53747,Vizcaíno,Aurora
49230,Vodopivec,Germán
65546,Volker,Mariano
60942,Voogt,Roberto
65889,Vosou,Agustín
52961,Vázquez,Gustavo Esteban
49735,Vázquez,Juan C.
65540,Vázquez,M. Carina
58020,Vázquez,Martín
59438,Vázquez,Martín
67324,Vázquez,Martín
67199,Vázquez,Álvaro
53287,Vénere,Marcelo
63597,Wadel,Mariano
65141,Wagner,Laura
49269,Wahler,Sebastián P.
55242,Wainerman,Efraim
53290,Wainschenker,Rubén
56374,Walter,Analía
58155,Wanderer,Leonardo S.
58723,Weber,Verónica
52716,Wehbe,Ricardo
52982,Weinbach,Natalia L.
51126,Welicki,León Ezequiel
61011,Wenk,Norberto
57008,Willers,Alejandro Darío
53240,Willging,Pedro
65528,Williner,Betina
65048,Willington,Enrique A.
49928,Willis,Edgar
56977,Winckler,Marco
65556,Witzke,Leandro M.
52320,Wolfmann,Aaron Gustavo Horacio
56271,Wolfram,Elian Augusto
53426,Wong,Alvaro
58250,Wuille Bille,Jaquelina
52508,Wurm,Guillermo
53617,Xodo,Daniel
65181,Yabo,Agustín Gabriel
65484,Yamel,Laura
58237,Yanacon Atia,Diego
55025,Yanivello,Diego
65702,Yankelevich,Daniel
58598,Yansen,Guillermina
63486,Yarasca Guzmán,Luisa Geraldine
51146,Yarza,Gastón
63612,Yáñez,Juan Ignacio
53952,Zabala,Gonzalo
64684,Zabala,Mariela Eleonora
55044,Zabaljáuregui,Matías
65665,Zaccardi,Gonzalo
59786,Zachman,Patricia Paola
59348,Zalazar,Ana Sofía
53792,Zamanillo,Eduardo A.
56885,Zambrano Polo y La Borda,Arturo Federico
65565,Zambrano,Jusmeidy
57721,Zambón,Mariana T.
52282,Zamora,Rodrigo Gabriel
63579,Zampar,Marcelo Antonio
53309,Zamudio,Eduardo
58711,Zanazzi,José Luis
52247,Zanconi,Marcelo
64680,Zanek,Franco
53466,Zanellato,Claudio
52515,Zang,Claudia
49235,Zangara,María Alejandra
55268,Zangla,María Soledad
52405,Zanini,Aníbal
63613,Zanotti,Martín Sebastián
50201,Zanuttini,Miguel Ángel
52603,Zapana,José
55751,Zapata,Natalia Rosana
49669,Zapata,Sergio G.
53980,Zaradnik,Ignacio J.
52812,Zarco,Raquel
53428,Zarza,Gonzalo
53423,Zavala,Alfredo
49649,Zavalla,Eduardo
63475,Zbucki,Hernán Enrique
64854,Zea Cárdenas,Milagros
65605,Zehnder,Rodolfo
52406,Zelasco,José F.
65727,Zeligueta,Laura
65606,Zenobi,Román Pablo
58270,Zerbino,L. M.
58269,Zibecchi,Mariano
60691,Zimbello,Agustina
65207,Zoratto,Valeria
56160,Zorzano,J.
52475,Zorzán,Fabio Andrés
49221,Zozaya,Juan Esteban
52408,Zubenko,Yuriy
58678,Zucaría,Ana Victoria
63547,Zuccarelli,Guido
49254,Zudaire,María Jesús
58597,Zukerfeld,Mariano
63497,Zulaica,Belena Raquel
53291,Zunino,Alejandro
59706,Zuppa,Federico
53486,Zurbrigk,Estefania
52789,Zurita Perea,Franco
53469,Zurita,Rafael
56901,Zuñiga,Javier A.
60935,Zàrate,Marcos
49586,Zúñiga,Mariela Elizabeth
57015,Álvarez Ferrando,Agustín
58208,Álvarez Picaza,Carlos
56778,Álvarez,Anibal Pedro
53917,Álvarez,Eduardo
68086,Álvarez,Imanol
60950,Álvarez,Julieta
64857,Álvarez,Luis
53562,Álvarez,Mabel
53757,Álvarez,Margarita
63590,Álvarez,Mauro Daniel
64940,Ávila,Diego
65541,Ávila,Laura
58632,Ávila,Mario Ubaldo
